Horodateur,Date de la course ,Lieu,Discipline,Prenom,1er,2eme,3eme,4eme,5eme,Autre,Heure de la course ,Adresse e-mail,,,
22.10.2025 23:40,26.10.2025,Soelden,GS,Course,,,,,,tg,10:00:00,antoinesilvin1@gmail.com,*,*,
22.10.2025 23:42,26.10.2025,Soelden,GS,Gabin,Kilde,Odermatt,Braathen,Mcgrath,Kristoffersen,,,antoinesilvin1@gmail.com,*,*,
23.10.2025 15:35,26.10.2025,Soelden,GS,Kiki,Odermatt,Braathen,Kristoffersen,Mcgrath,Verdu,,,killiansilvestre@gmail.com,*,*,
23.10.2025 16:49,26.10.2025,Soelden,GS,Kiki,Odermatt,Kristoffersen,Braathen,Mcgrath,Verdu,,,killiansilvestre@gmail.com,*,*,
24.10.2025 08:00,26.10.2025,Soelden,GS,Aubin,Odermatt,Meillard,Kristoffersen,Braathen,Kranjec,,,aubinsimon2001@gmail.com,*,*,
24.10.2025 10:42,26.10.2025,Soelden,GS,Val,Odermatt,Meillard,Kristoffersen,Braathen,Schwarz,,,deski.silvinvalentin@gmail.com,*,*,
24.10.2025 13:15,26.10.2025,Soelden,GS,Antoine,Odermatt,Meillard,Kristoffersen,Braathen,Mcgrath,,,antoinesilvin1@gmail.com,*,*,
24.10.2025 14:21,26.10.2025,Soelden,GS,Tim,Odermatt,Meillard,Kristoffersen,Braathen,Tumler,,,silvintimothe@gmail.com,*,*,
25.10.2025 08:44,26.10.2025,Soelden,GS,Adrien,Odermatt,Meillard,Braathen,Kristoffersen,Feller,,,athorey@gmail.com,*,*,
25.10.2025 15:18,26.10.2025,Soelden,GS,Cyril,Odermatt,Meillard,Kristoffersen,Tumler,Zubcic,,,cyril.peretto@gmail.com,*,*,
25.10.2025 16:27,26.10.2025,Soelden,GS,Mingeon,Odermatt,Braathen,Meillard,Steen-olsen,Vinatzer,,,sam.mingeon@gmail.com,*,*,
25.10.2025 16:34,26.10.2025,Soelden,GS,Celia,Odermatt,Braathen,Mcgrath,Anguenot,Meillard,,,celia.marie.gravier@gmail.com,*,*,
25.10.2025 20:31,26.10.2025,Soelden,GS,Sam,Braathen,Mcgrath,Odermatt,Kranjec,Kristoffersen,,,sammollaret73@gmail.com,*,*,
25.10.2025 21:07,26.10.2025,Soelden,GS,Lulu,Odermatt,Braathen,Meillard,Mcgrath,Kristoffersen,,,deski.truchetlucie@gmail.com,*,*,
25.10.2025 21:20,26.10.2025,Soelden,GS,Alexis,Meillard,Braathen,Odermatt,Brennsteiner,Kristoffersen,,,peytavin.alexis@gmail.com,*,*,
25.10.2025 21:20,26.10.2025,Soelden,GS,Perrine,Odermatt,Braathen,Kristoffersen,Meillard,Mcgrath,,,perrinec73@gmail.com,*,*,
25.10.2025 21:24,26.10.2025,Soelden,GS,Mateo,Meillard,Odermatt,Braathen,Schwarz,Kristoffersen,,,mateomollaret73@gmail.com,*,*,
25.10.2025 21:29,26.10.2025,Soelden,GS,Romane,Meillard,Braathen,Odermatt,Mcgrath,Schwarz,,,deski.poccardmarionromane@gmail.com,*,*,
25.10.2025 23:50,26.10.2025,Soelden,GS,Louis,Odermatt,Kristoffersen,Meillard,Mcgrath,Braathen,,,deski.fleurancelouis@gmail.com,*,*,
26.10.2025 02:40,26.10.2025,Soelden,GS,Gianni,Odermatt,Braathen,Meillard,Kristoffersen,Tumler,,,giannigiachino2001@gmail.com,*,*,
26.10.2025 07:13,26.10.2025,Soelden,GS,Kiki,Odermatt,Meillard,Kristoffersen,Braathen,Kranjec,,,killiansilvestre@gmail.com,*,*,
26.10.2025 07:26,26.10.2025,Soelden,GS,Cyril,Odermatt,Braathen,Kristoffersen,Meillard,Brennsteiner,,,cyril.peretto@gmail.com,*,*,
26.10.2025 07:56,26.10.2025,Soelden,GS,Mingeon,Odermatt,Kranjec,Braathen,Meillard,Tumler,,,sam.mingeon@gmail.com,*,*,
26.10.2025 08:52,26.10.2025,Soelden,GS,Charlene,Odermatt,Kristoffersen,Braathen,Meillard,Mcgrath,,,magnin.charlene98@gmail.com,*,*,
26.10.2025 09:03,26.10.2025,Soelden,GS,Francois,Odermatt,Kristoffersen,Meillard,Brennsteiner,Favrot,,,francois.poccard-marion@orange.fr,*,*,
26.10.2025 09:40,26.10.2025,Soelden,GS,Gabin,Meillard,Braathen,Schwarz,Kristoffersen,Brennsteiner,,10:00:00,gab1gaucher1617@gmail.com,*,*,
26.10.2025 09:46,26.10.2025,Soelden,GS,Antoine,Odermatt,Meillard,Kristoffersen,Braathen,Mcgrath,,,antoinesilvin1@gmail.com,*,*,
26.10.2025 09:50,26.10.2025,Soelden,GS,Alix,Odermatt,Braathen,Kranjec,Meillard,Kristoffersen,,10:00:00,deski.richermozalix@gmail.com,*,*,
26.10.2025 09:56,26.10.2025,Soelden,GS,Marius,Odermatt,Braathen,Meillard,Steen-olsen,Kristoffersen,,,mariusvieillemarchiset@gmail.com,*,*,
26.10.2025 14:44,26.10.2025,Soelden,GS,Resultat,Odermatt,Schwarz,Mcgrath,Brennsteiner,Favrot,tg,,antoinesilvin1@gmail.com,*,*,
14.11.2025 22:45,16.11.2025,Levi,SL,Kiki,Schwarz,Braathen,Noel,Meillard,Kristoffersen,,,killiansilvestre@gmail.com,*,*,
15.11.2025 09:58,16.11.2025,Levi,SL,Tim,Noel,Kristoffersen,Meillard,Braathen,Mcgrath,,,silvintimothe@gmail.com,*,*,
15.11.2025 12:53,16.11.2025,Levi,SL,Marius,Noel,Kristoffersen,Mcgrath,Meillard,Braathen,,,mariusvieillemarchiset@gmail.com,*,*,
15.11.2025 15:37,16.11.2025,Levi,SL,Gerlain,Noel,Kristoffersen,Meillard,Amiez,Braathen,,,guerlaingaucher@gmail.com,*,*,
15.11.2025 19:49,16.11.2025,Levi,SL,Mingeon,Noel,Kristoffersen,Meillard,Mcgrath,Braathen,,,sam.mingeon@gmail.com,*,*,
15.11.2025 20:04,16.11.2025,Levi,SL,Lulu,Noel,Braathen,Mcgrath,Amiez,Kristoffersen,,,deski.truchetlucie@gmail.com,*,*,
15.11.2025 20:07,16.11.2025,Levi,SL,Charlene,Noel,Kristoffersen,Meillard,Haugan,Amiez,,,magnin.charlene98@gmail.com,*,*,
15.11.2025 20:53,16.11.2025,Levi,SL,Course,,,,,,tg,10:00:00,antoinesilvin1@gmail.com,*,*,
15.11.2025 20:55,16.11.2025,Levi,SL,Val,Noel,Kristoffersen,Braathen,Meillard,Haugan,,,deski.silvinvalentin@gmail.com,*,*,
15.11.2025 20:56,16.11.2025,Levi,SL,Antoine,Noel,Meillard,Kristoffersen,Mcgrath,Braathen,,,antoinesilvin1@gmail.com,*,*,
15.11.2025 20:57,16.11.2025,Levi,SL,Sam,Kristoffersen,Braathen,Amiez,Noel,Mcgrath,,,sammollaret73@gmail.com,*,*,
15.11.2025 20:57,16.11.2025,Levi,SL,Cyril,Meillard,Noel,Kristoffersen,Haugan,Braathen,,,cyril.peretto@gmail.com,*,*,
15.11.2025 20:57,16.11.2025,Levi,SL,Elo,Noel,Meillard,Mcgrath,Kristoffersen,Braathen,,,eloise.lagarde38@gmail.com,*,*,
15.11.2025 21:49,16.11.2025,Levi,SL,Gianni,Kristoffersen,Noel,Amiez,Meillard,Braathen,,,giannigiachino2001@gmail.com,*,*,
15.11.2025 21:50,16.11.2025,Levi,SL,Gabin,Kristoffersen,Noel,Schwarz,Braathen,Meillard,,,gab1gaucher1617@gmail.com,*,*,
15.11.2025 21:51,16.11.2025,Levi,SL,Nino,Noel,Kristoffersen,Mcgrath,Meillard,Braathen,,,nino28.gal@gmail.com,*,*,
15.11.2025 23:35,16.11.2025,Levi,SL,Alexis,Noel,Kristoffersen,Meillard,Braathen,Feller,,,peytavin.alexis@gmail.com,*,*,
16.11.2025 03:21,16.11.2025,Levi,SL,Celia,Noel,Mcgrath,Braathen,Strasser,Amiez,,,celia.marie.gravier@gmail.com,*,*,
16.11.2025 07:48,16.11.2025,Levi,SL,Cyril,Noel,Meillard,Kristoffersen,Haugan,Amiez,,,cyril.peretto@gmail.com,*,*,
16.11.2025 08:11,16.11.2025,Levi,SL,Louis,Noel,Haugan,Amiez,Braathen,Autre,Rassat,,deski.fleurancelouis@gmail.com,*,*,
16.11.2025 08:17,16.11.2025,Levi,SL,Alix,Noel,Haugan,Braathen,Kristoffersen,Strasser,,,deski.richermozalix@gmail.com,*,*,
16.11.2025 08:58,16.11.2025,Levi,SL,Mateo,Noel,Kristoffersen,Braathen,Meillard,Amiez,,,mateomollaret73@gmail.com,*,*,
16.11.2025 09:06,16.11.2025,Levi,SL,Romane,Noel,Braathen,Meillard,Haugan,Amiez,,,deski.poccardmarionromane@gmail.com,*,*,
16.11.2025 09:12,16.11.2025,Levi,SL,Aubin,Feller,Kristoffersen,Meillard,Steen-olsen,Mcgrath,,,aubinsimon2001@gmail.com,*,*,
16.11.2025 09:54,16.11.2025,Levi,SL,Francois,Noel,Steen-olsen,Meillard,Kristoffersen,Mcgrath,,,francois.poccard-marion@orange.fr,*,*,
16.11.2025 09:56,16.11.2025,Levi,SL,Francois,Noel,Mcgrath,Meillard,Kristoffersen,Schwarz,,,francois.poccard-marion@orange.fr,*,*,
16.11.2025 12:08,16.11.2025,Levi,SL,Adrien,Braathen,Kristoffersen,Noel,Feller,Meillard,,,athorey@gmail.com,*,trop tard ...,trop tard ...
16.11.2025 13:54,16.11.2025,Levi,SL,Resultat,Braathen,Noel,Hallberg,Taylor,Haugan,tg,,cyril.peretto@gmail.com,*,*,
17.11.2025 23:17,22.11.2025,Gurgl,SL,Course,,,,,,tg,09:30:00,cyril.peretto@gmail.com,*,*,
19.11.2025 14:09,22.11.2025,Gurgl,SL,Cyril,Noel,Haugan,Braathen,Amiez,Kristoffersen,,,cyril.peretto@gmail.com,*,*,
20.11.2025 08:01,22.11.2025,Gurgl,SL,Kiki,Braathen,Noel,Haugan,Gstrein,Kristoffersen,,,killiansilvestre@gmail.com,*,*,
20.11.2025 21:07,28.11.2025,Gurgl,SL,Val,Aerni,Kristoffersen,Mcgrath,,,,,deski.silvinvalentin@gmail.com,,,
21.11.2025 10:20,22.11.2025,Gurgl,SL,Nino,Noel,Braathen,Kristoffersen,Mcgrath,Meillard,,,nino28.gal@gmail.com,*,*,
21.11.2025 11:24,22.11.2025,Gurgl,SL,Tim,Noel,Braathen,Haugan,Kristoffersen,Amiez,,,silvintimothe@gmail.com,*,*,
21.11.2025 11:34,22.11.2025,Gurgl,SL,Adrien,Braathen,Noel,Mcgrath,Meillard,Schwarz,,,athorey@gmail.com,*,*,
21.11.2025 12:00,22.11.2025,Gurgl,SL,Charlene,Noel,Braathen,Haugan,Mcgrath,Amiez,,,magnin.charlene98@gmail.com,*,*,
21.11.2025 15:36,22.11.2025,Gurgl,SL,Alexis,Braathen,Kristoffersen,Noel,Haugan,Ryding,,,peytavin.alexis@gmail.com,*,*,
21.11.2025 18:38,22.11.2025,Gurgl,SL,Louis,Noel,Mcgrath,Braathen,Haugan,Autre,Rassat,,deski.fleurancelouis@gmail.com,*,*,
21.11.2025 18:44,22.11.2025,Gurgl,SL,Lulu,Noel,Braathen,Gstrein,Haugan,Mcgrath,,,deski.truchetlucie@gmail.com,*,*,
21.11.2025 19:21,22.11.2025,Gurgl,SL,Sam,Noel,Braathen,Schwarz,Kristoffersen,Mcgrath,,,sammollaret73@gmail.com,*,*,
21.11.2025 19:59,22.11.2025,Gurgl,SL,Elo,Braathen,Noel,Mcgrath,Haugan,Amiez,,,eloise.lagarde38@gmail.com,*,*,
21.11.2025 20:04,22.11.2025,Gurgl,SL,Gianni,Braathen,Haugan,Noel,Kristoffersen,Meillard,,,giannigiachino2001@gmail.com,*,*,
21.11.2025 20:06,22.11.2025,Gurgl,SL,Mateo,Braathen,Haugan,Noel,Kristoffersen,Mcgrath,,,mateomollaret73@gmail.com,*,*,
21.11.2025 20:15,22.11.2025,Gurgl,SL,Gerlain,Noel,Mcgrath,Haugan,Gstrein,Amiez,,,guerlaingaucher@gmail.com,*,*,
21.11.2025 20:49,22.11.2025,Gurgl,SL,Antoine,Braathen,Noel,Haugan,Mcgrath,Strasser,,,antoinesilvin1@gmail.com,*,*,
21.11.2025 21:09,22.11.2025,Gurgl,SL,Romane,Noel,Braathen,Haugan,Amiez,Mcgrath,,,deski.poccardmarionromane@gmail.com,*,*,
21.11.2025 21:33,22.11.2025,Gurgl,SL,Val,Noel,Braathen,Haugan,Kristoffersen,Amiez,,,antoinesilvin1@gmail.com,*,*,
21.11.2025 22:13,22.11.2025,Gurgl,SL,Mingeon,Braathen,Noel,Kristoffersen,Mcgrath,Haugan,,,sam.mingeon@gmail.com,*,*,
22.11.2025 00:33,22.11.2025,Gurgl,SL,Aubin,Noel,Braathen,Meillard,Ryding,Amiez,,,aubinsimon2001@gmail.com,*,*,
22.11.2025 08:13,22.11.2025,Gurgl,SL,Francois,Noel,Haugan,Braathen,Gstrein,Autre,Hallberg ,,francois.poccard-marion@orange.fr,*,*,
22.11.2025 10:06,22.11.2025,Gurgl,SL,Perrine,Braathen,Haugan,Noel,Amiez,Mcgrath,,,perrinec73@gmail.com,*,*,
22.11.2025 10:13,22.11.2025,Gurgl,SL,Alix,Noel,Braathen,Haugan,Schwarz,Amiez,,,deski.richermozalix@gmail.com,*,*,
22.11.2025 10:25,22.11.2025,Gurgl,SL,Antoine,Noel,Braathen,Haugan,Mcgrath,Kristoffersen,,,antoinesilvin1@gmail.com,*,*,
22.11.2025 10:27,22.11.2025,Gurgl,SL,Celia,Noel,Braathen,Mcgrath,Amiez,Strasser,,,celia.marie.gravier@gmail.com,*,*,
22.11.2025 16:28,22.11.2025,Gurgl,SL,Resultat,Rassat,Marchant,Mcgrath,Haugan,Nef,tg,,cyril.peretto@gmail.com,*,*,
25.11.2025 13:00,27.11.2025,Copper Mt,SG,Perrine,Odermatt,Kriechmayr,Von Allmen,Crawford,Rogentin,,,perrinec73@gmail.com,*,*,
25.11.2025 20:43,27.11.2025,Copper Mt,SG,Val,Odermatt,Von Allmen,Kriechmayr,Monney,Casse,,,deski.silvinvalentin@gmail.com,*,*,
25.11.2025 20:44,28.11.2025,Copper Mt,GS,Val,Odermatt,Schwarz,Mcgrath,Kristoffersen,Anguenot,,,deski.silvinvalentin@gmail.com,*,-,
26.11.2025 10:46,27.11.2025,Copper Mt,SG,Course,,,,,,tg,19:00:00,cyril.peretto@gmail.com,*,*,
26.11.2025 10:48,28.11.2025,Copper Mt,GS,Course,,,,,,tg,18:00:00,cyril.peretto@gmail.com,*,*,
26.11.2025 10:51,27.11.2025,Copper Mt,SG,Cyril,Odermatt,Von Allmen,Kriechmayr,Rogentin,Moeller,,,cyril.peretto@gmail.com,*,*,
26.11.2025 10:54,28.11.2025,Copper Mt,GS,Cyril,Odermatt,Schwarz,Brennsteiner,Mcgrath,Kristoffersen,,,cyril.peretto@gmail.com,*,-,
26.11.2025 23:41,27.11.2025,Copper Mt,SG,Adrien,Odermatt,Kriechmayr,Kilde,Rogentin,Allegre,,,athorey@gmail.com,*,*,
26.11.2025 23:41,29.11.2025,Copper Mt,GS,Adrien,Odermatt,Schwarz,Mcgrath,Kristoffersen,Meillard,,,athorey@gmail.com,,,
27.11.2025 07:21,27.11.2025,Copper Mt,SG,Gianni,Odermatt,Rogentin,Kriechmayr,Von Allmen,Moeller,,,giannigiachino2001@gmail.com,*,*,
27.11.2025 07:47,27.11.2025,Copper Mt,SG,Mateo,Odermatt,Autre,Von Allmen,Rogentin,Allegre,Feurstein,,mateomollaret73@gmail.com,*,*,
27.11.2025 08:54,27.11.2025,Copper Mt,SG,Nino,Odermatt,Kriechmayr,Von Allmen,Haaser,Rogentin,,,nino28.gal@gmail.com,*,*,
27.11.2025 09:55,27.11.2025,Copper Mt,SG,Romane,Odermatt,Haaser,Von Allmen,Chchran-seigle,Autre,Feurstein,,deski.poccardmarionromane@gmail.com,*,*,
27.11.2025 13:07,27.11.2025,Copper Mt,SG,Lulu,Odermatt,Von Allmen,Rogentin,Kilde,Chchran-seigle,,,deski.truchetlucie@gmail.com,*,*,
27.11.2025 13:22,27.11.2025,Copper Mt,SG,Tim,Odermatt,Von Allmen,Kriechmayr,Rogentin,Moeller,,,silvintimothe@gmail.com,*,*,
27.11.2025 13:41,27.11.2025,Copper Mt,SG,Gerlain,Rogentin,Odermatt,Autre,Cameron,Kriechmayr,Feurstein,,guerlaingaucher@gmail.com,*,*,
27.11.2025 17:15,27.11.2025,Copper Mt,SG,Elo,Odermatt,Kriechmayr,Rogentin,Autre,Von Allmen,Feurstein,,eloise.lagarde38@gmail.com,*,*,
27.11.2025 18:02,27.11.2025,Copper Mt,SG,Charlene,Von Allmen,Odermatt,Kriechmayr,Casse,Rogentin,,,magnin.charlene98@gmail.com,*,*,
27.11.2025 18:10,27.11.2025,Copper Mt,SG,Francois,Odermatt,Kriechmayr,Von Allmen,Crawford,Goldberg,,,francois.poccard-marion@orange.fr,*,*,
27.11.2025 18:12,27.11.2025,Copper Mt,SG,Antoine,Odermatt,Kriechmayr,Kilde,Schwarz,Casse,,,antoinesilvin1@gmail.com,*,*,
27.11.2025 18:30,27.11.2025,Copper Mt,SG,Louis,Odermatt,Von Allmen,Monney,Cameron,Kriechmayr,,,deski.fleurancelouis@gmail.com,*,*,
27.11.2025 18:39,27.11.2025,Copper Mt,SG,Celia,Odermatt,Kilde,Von Allmen,Haaser,Allegre,,,celia.marie.gravier@gmail.com,*,*,
27.11.2025 18:40,27.11.2025,Copper Mt,SG,Marius,Odermatt,Von Allmen,Haaser,Kilde,Kriechmayr,,,mariusvieillemarchiset@gmail.com,*,*,
27.11.2025 18:42,27.11.2025,Copper Mt,SG,Alix,Von Allmen,Odermatt,Haaser,Crawford,Monney,,,deski.richermozalix@gmail.com,*,*,
27.11.2025 18:58,27.11.2025,Copper Mt,SG,Tim,Odermatt,Von Allmen,Kriechmayr,Rogentin,Kilde,,,silvintimothe@gmail.com,*,*,
27.11.2025 19:38,28.11.2025,Copper Mt,GS,Mateo,Odermatt,Mcgrath,Haaser,Schwarz,Kristoffersen,,,mateomollaret73@gmail.com,*,-,
27.11.2025 20:36,28.11.2025,Copper Mt,GS,Tim,Odermatt,Mcgrath,Schwarz,Brennsteiner,Kristoffersen,,,silvintimothe@gmail.com,*,-,
27.11.2025 21:03,27.11.2025,Copper Mt,SG,Resultat,Odermatt,Kriechmayr,Haaser,Babinsky,Moeller,tg,,antoinesilvin1@gmail.com,*,*,
27.11.2025 21:16,28.11.2025,Copper Mt,GS,Antoine,Odermatt,Schwarz,Mcgrath,Kristoffersen,Zubcic,,,antoinesilvin1@gmail.com,*,,
27.11.2025 21:19,28.11.2025,Copper Mt,GS,Marius,Haugan,Odermatt,Verdu,Mcgrath,Favrot,,,mariusvieillemarchiset@gmail.com,*,,
27.11.2025 21:20,28.11.2025,Copper Mt,GS,Gianni,Odermatt,Mcgrath,Kristoffersen,Braathen,Pinturault,,,giannigiachino2001@gmail.com,*,,
27.11.2025 21:21,28.11.2025,Copper Mt,GS,Gabin,Odermatt,Braathen,Mcgrath,Vitale,Pinturault,,,gab1gaucher1617@gmail.com,*,,
28.11.2025 08:33,28.11.2025,Copper Mt,GS,Lulu,Odermatt,Mcgrath,Braathen,Haugan,Haaser,,,deski.truchetlucie@gmail.com,*,,
28.11.2025 09:02,28.11.2025,Copper Mt,GS,Louis,Odermatt,Braathen,Vitale,Mcgrath,Kristoffersen,,,deski.fleurancelouis@gmail.com,*,,
28.11.2025 12:49,28.11.2025,Copper Mt,GS,Nino,Odermatt,Kristoffersen,Mcgrath,Braathen,Brennsteiner,,,nino28.gal@gmail.com,*,,
28.11.2025 13:27,28.11.2025,Copper Mt,GS,Mingeon,Odermatt,Kristoffersen,Braathen,Haugan,Meillard,,,sam.mingeon@gmail.com,*,,
28.11.2025 13:52,28.11.2025,Copper Mt,GS,Romane,Odermatt,Mcgrath,Haaser,Schwarz,Braathen,,,deski.poccardmarionromane@gmail.com,*,,
28.11.2025 14:34,28.11.2025,Copper Mt,GS,Perrine,Odermatt,Schwarz,Brennsteiner,Mcgrath,Anguenot,,,perrinec73@gmail.com,*,,
28.11.2025 14:46,28.11.2025,Copper Mt,GS,Gerlain,Odermatt,Mcgrath,Haaser,Tumler,Favrot,,,guerlaingaucher@gmail.com,*,,
28.11.2025 15:08,28.11.2025,Copper Mt,GS,Elo,Odermatt,Kristoffersen,Tumler,Braathen,Kranjec,,,eloise.lagarde38@gmail.com,*,,
28.11.2025 16:29,28.11.2025,Copper Mt,GS,Alexis,Odermatt,Mcgrath,Brennsteiner,Schwarz,Braathen,,,peytavin.alexis@gmail.com,*,,
28.11.2025 17:29,28.11.2025,Copper Mt,GS,Val,Odermatt,Mcgrath,Braathen,Kristoffersen,Schwarz,,,deski.silvinvalentin@gmail.com,*,,
28.11.2025 17:33,28.11.2025,Copper Mt,GS,Francois,Odermatt,Favrot,Mcgrath,Schwarz,Braathen,,,francois.poccard-marion@orange.fr,*,,
28.11.2025 17:43,28.11.2025,Copper Mt,GS,Sam,Odermatt,Braathen,Schwarz,Kristoffersen,Anguenot,,,sammollaret73@gmail.com,*,,
28.11.2025 17:50,28.11.2025,Copper Mt,GS,Alix,Odermatt,Braathen,Mcgrath,Kristoffersen,Schwarz,,,deski.richermozalix@gmail.com,*,,
28.11.2025 17:52,28.11.2025,Copper Mt,GS,Tim,Odermatt,Mcgrath,Schwarz,Brennsteiner,Haaser,,,silvintimothe@gmail.com,*,,
28.11.2025 17:53,28.11.2025,Copper Mt,GS,Cyril,Odermatt,Mcgrath,Schwarz,Brennsteiner,Haaser,,,cyril.peretto@gmail.com,*,,
28.11.2025 18:11,28.11.2025,Copper Mt,GS,Nino,Odermatt,Kristoffersen,Mcgrath,Braathen,Schwarz,,,nino28.gal@gmail.com,*,,
29.11.2025 12:45,28.11.2025,Copper Mt,GS,Resultat,Brennsteiner,Kristoffersen,Zubcic,Schwarz,Vinatzer,tg,,cyril.peretto@gmail.com,*,,
03.12.2025 10:54,04.12.2025,Beaver Creek,DH,Course,,,,,,tg,19:15:00,cyril.peretto@gmail.com,*,,
03.12.2025 10:56,05.12.2025,Beaver Creek,SG,Course,,,,,,tg,19:45:00,cyril.peretto@gmail.com,*,,
03.12.2025 10:58,07.12.2025,Beaver Creek,GS,Course,,,,,,tg,18:00:00,cyril.peretto@gmail.com,*,,
03.12.2025 11:03,04.12.2025,Beaver Creek,DH,Cyril,Odermatt,Von Allmen,Crawford,Hrobat,Monney,,,cyril.peretto@gmail.com,*,,
03.12.2025 11:16,05.12.2025,Beaver Creek,SG,Cyril,Odermatt,Kriechmayr,Chchran-seigle,Haaser,Moeller,,,cyril.peretto@gmail.com,*,,
03.12.2025 11:20,07.12.2025,Beaver Creek,GS,Cyril,Odermatt,Schwarz,Mcgrath,Kristoffersen,Zubcic,,,cyril.peretto@gmail.com,*,,
03.12.2025 20:47,04.12.2025,Beaver Creek,DH,Gianni,Odermatt,Von Allmen,Kriechmayr,Monney,Crawford,,,giannigiachino2001@gmail.com,*,,
03.12.2025 23:10,04.12.2025,Beaver Creek,DH,Val,Odermatt,Kriechmayr,Von Allmen,Kilde,Monney,,,deski.silvinvalentin@gmail.com,*,,
04.12.2025 07:50,04.12.2025,Beaver Creek,DH,Tim,Odermatt,Kriechmayr,Monney,Rogentin,Von Allmen,,,silvintimothe@gmail.com,*,,
04.12.2025 07:58,04.12.2025,Beaver Creek,DH,Aubin,Odermatt,Monney,Kriechmayr,Paris,Rogentin,,,aubinsimon2001@gmail.com,*,,
04.12.2025 09:12,04.12.2025,Beaver Creek,DH,Lulu,Odermatt,Kriechmayr,Chchran-seigle,Rogentin,Von Allmen,,,deski.truchetlucie@gmail.com,*,,
04.12.2025 09:49,04.12.2025,Beaver Creek,DH,Adrien,Odermatt,Kriechmayr,Von Allmen,Murisier,Monney,,,athorey@gmail.com,*,,
04.12.2025 09:52,05.12.2025,Beaver Creek,SG,Adrien,Odermatt,Kriechmayr,Haaser,Rogentin,Von Allmen,,,athorey@gmail.com,*,,
04.12.2025 12:21,04.12.2025,Beaver Creek,DH,Sam,Moeller,Odermatt,Kriechmayr,Kilde,Chchran-seigle,,,sammollaret73@gmail.com,*,,
04.12.2025 12:48,04.12.2025,Beaver Creek,DH,Nino,Odermatt,Monney,Rogentin,Kriechmayr,Von Allmen,,,nino28.gal@gmail.com,*,,
04.12.2025 13:37,04.12.2025,Beaver Creek,DH,Mateo,Odermatt,Kriechmayr,Von Allmen,Murisier,Hrobat,,,mateomollaret73@gmail.com,*,,
04.12.2025 14:16,04.12.2025,Beaver Creek,DH,Louis,Odermatt,Kriechmayr,Von Allmen,Monney,Paris,,,deski.fleurancelouis@gmail.com,*,,
04.12.2025 15:13,04.12.2025,Beaver Creek,DH,Gerlain,Monney,Odermatt,Hrobat,Von Allmen,Rogentin,,,guerlaingaucher@gmail.com,*,,
04.12.2025 15:36,04.12.2025,Beaver Creek,DH,Elo,Odermatt,Paris,Von Allmen,Monney,Crawford,,,eloise.lagarde38@gmail.com,*,,
04.12.2025 16:37,04.12.2025,Beaver Creek,SG,Alix,Kriechmayr,Odermatt,L. Feurstein,Moeller,Haaser,,,deski.richermozalix@gmail.com,,,
04.12.2025 17:17,04.12.2025,Beaver Creek,DH,Mingeon,Odermatt,Monney,Kriechmayr,Von Allmen,Allegre,,,sam.mingeon@gmail.com,*,,
04.12.2025 18:14,04.12.2025,Beaver Creek,DH,Alexis,Odermatt,Monney,Von Allmen,Kriechmayr,Crawford,,,peytavin.alexis@gmail.com,*,,
04.12.2025 18:27,04.12.2025,Beaver Creek,DH,Gerlain,Monney,Odermatt,Hrobat,Rogentin,Paris,,,guerlaingaucher@gmail.com,*,,
04.12.2025 18:28,04.12.2025,Beaver Creek,DH,Perrine,Hrobat,Rogentin,Odermatt,Kriechmayr,Crawford,,,perrinec73@gmail.com,*,,
04.12.2025 18:41,04.12.2025,Beaver Creek,DH,Romane,Monney,Odermatt,Kriechmayr,Cameron,Hintermann,,,deski.poccardmarionromane@gmail.com,*,,
04.12.2025 18:48,04.12.2025,Beaver Creek,DH,Val,Odermatt,Von Allmen,Kriechmayr,Murisier,Babinsky,,,deski.silvinvalentin@gmail.com,*,,
04.12.2025 18:50,04.12.2025,Beaver Creek,DH,Antoine,Odermatt,Kriechmayr,Von Allmen,Moeller,Haaser,,,antoinesilvin1@gmail.com,*,,
04.12.2025 18:55,22.12.2025,Beaver Creek,DH,Francois,Von Allmen,Odermatt,Kriechmayr,Chchran-seigle,Allegre,,,francois.poccard-marion@orange.fr,,,
04.12.2025 19:00,04.12.2025,Beaver Creek,DH,Gabin,Kilde,Crawford,Hemetsberger,Hintermann,Meillard,,,gab1gaucher1617@gmail.com,*,,
04.12.2025 19:42,05.12.2025,Beaver Creek,SG,Val,Odermatt,Kriechmayr,Murisier,Von Allmen,Caviezel,,,deski.silvinvalentin@gmail.com,*,,
04.12.2025 20:57,05.12.2025,Beaver Creek,SG,Antoine,Odermatt,Kriechmayr,Von Allmen,Monney,Moeller,,,antoinesilvin1@gmail.com,*,,
04.12.2025 21:52,05.12.2025,Beaver Creek,SG,Alexis,Odermatt,Kriechmayr,Rogentin,Chchran-seigle,Moeller,,,peytavin.alexis@gmail.com,*,,
04.12.2025 22:03,05.12.2025,Beaver Creek,SG,Mateo,Odermatt,Kriechmayr,Paris,Chchran-seigle,Haaser,,,mateomollaret73@gmail.com,*,,
05.12.2025 09:31,05.12.2025,Beaver Creek,SG,Gianni,Odermatt,Kriechmayr,Rogentin,Von Allmen,Moeller,,,giannigiachino2001@gmail.com,*,,
05.12.2025 12:15,05.12.2025,Beaver Creek,SG,Sam,Odermatt,Moeller,P. Feurstein,Kriechmayr,Schwarz,,,sammollaret73@gmail.com,*,,
05.12.2025 12:46,05.12.2025,Beaver Creek,SG,Tim,Odermatt,Chchran-seigle,Kriechmayr,Haaser,Moeller,,,silvintimothe@gmail.com,*,,
05.12.2025 13:21,05.12.2025,Beaver Creek,SG,Gerlain,Odermatt,Kriechmayr,Moeller,Chchran-seigle,Haaser,,,guerlaingaucher@gmail.com,*,,
05.12.2025 13:34,05.12.2025,Beaver Creek,SG,Nino,Odermatt,Kriechmayr,Haaser,Chchran-seigle,Von Allmen,,,nino28.gal@gmail.com,*,,
05.12.2025 15:20,05.12.2025,Beaver Creek,SG,Lulu,Odermatt,Haaser,Chchran-seigle,Kriechmayr,Von Allmen,,,deski.truchetlucie@gmail.com,*,,
05.12.2025 17:20,05.12.2025,Beaver Creek,SG,Elo,Odermatt,Kriechmayr,Haaser,Moeller,Chchran-seigle,,,eloise.lagarde38@gmail.com,*,,
05.12.2025 18:12,05.12.2025,Beaver Creek,SG,Francois,Odermatt,L. Feurstein,Crawford,Kriechmayr,Sejersted,,,francois.poccard-marion@orange.fr,*,,
05.12.2025 18:45,05.12.2025,Beaver Creek,SG,Perrine,Odermatt,Haaser,Kriechmayr,Von Allmen,Rogentin,,,perrinec73@gmail.com,*,,
05.12.2025 18:50,05.12.2025,Beaver Creek,SG,Romane,Odermatt,Kristoffersen,Von Allmen,Moeller,Cameron,,,deski.poccardmarionromane@gmail.com,*,,
05.12.2025 18:57,05.12.2025,Beaver Creek,SG,Alix,Odermatt,Kriechmayr,Von Allmen,Sejersted,Cameron,,,deski.richermozalix@gmail.com,*,,
05.12.2025 19:02,05.12.2025,Beaver Creek,SG,Celia,Odermatt,Kriechmayr,Von Allmen,Crawford,Kilde,,,celia.marie.gravier@gmail.com,*,,
05.12.2025 19:17,05.12.2025,Beaver Creek,SG,Mingeon,Odermatt,Haaser,Kriechmayr,Von Allmen,Crawford,,,sam.mingeon@gmail.com,*,,
06.12.2025 12:58,06.12.2025,Beaver Creek,GS,Val,Odermatt,Braathen,Kristoffersen,Mcgrath,Schwarz,,,deski.silvinvalentin@gmail.com,,,
06.12.2025 15:02,04.12.2025,Beaver Creek,DH,Resultat,Odermatt,Chchran-seigle,Sejersted,Von Allmen,Kriechmayr,tg,,antoinesilvin1@gmail.com,*,,
06.12.2025 15:03,05.12.2025,Beaver Creek,SG,Resultat,Kriechmayr,Moeller,Haaser,Paris,Odermatt,tg,,antoinesilvin1@gmail.com,*,,
06.12.2025 15:26,07.12.2025,Beaver Creek,GS,Mateo,Odermatt,Kristoffersen,Brennsteiner,Tumler,Kranjec,,,mateomollaret73@gmail.com,*,,
06.12.2025 17:55,07.12.2025,Beaver Creek,GS,Val,Odermatt,Mcgrath,Kristoffersen,Schwarz,Braathen,,,deski.silvinvalentin@gmail.com,*,,
06.12.2025 20:35,07.12.2025,Beaver Creek,GS,Marius,Odermatt,Mcgrath,Braathen,Schwarz,Strasser,,,mariusvieillemarchiset@gmail.com,*,,
06.12.2025 22:30,07.12.2025,Beaver Creek,GS,Gabin,Odermatt,Kristoffersen,Braathen,Steen-olsen,Radamus,,,gab1gaucher1617@gmail.com,*,,
06.12.2025 22:41,07.12.2025,Beaver Creek,GS,Adrien,Odermatt,Kristoffersen,Mcgrath,Braathen,Kranjec,,,athorey@gmail.com,*,,
07.12.2025 09:00,07.12.2025,Beaver Creek,GS,Tim,Odermatt,Mcgrath,Kristoffersen,Brennsteiner,Haugan,,,silvintimothe@gmail.com,*,,
07.12.2025 09:37,07.12.2025,Copper Mt,GS,Mingeon,Odermatt,Brennsteiner,Kristoffersen,Schwarz,Braathen,,,sam.mingeon@gmail.com,,,
07.12.2025 10:56,07.12.2025,Beaver Creek,GS,Gianni,Odermatt,Kristoffersen,Brennsteiner,Tumler,Braathen,,,giannigiachino2001@gmail.com,*,,
07.12.2025 11:09,07.12.2025,Beaver Creek,GS,Lulu,Odermatt,Mcgrath,Braathen,Kristoffersen,Brennsteiner,,,deski.truchetlucie@gmail.com,*,,
07.12.2025 14:08,07.12.2025,Beaver Creek,GS,Gerlain,Odermatt,Tumler,Brennsteiner,Schwarz,Radamus,,,guerlaingaucher@gmail.com,*,,
07.12.2025 14:22,07.12.2025,Beaver Creek,GS,Nino,Odermatt,Brennsteiner,Kristoffersen,Schwarz,Braathen,,,nino28.gal@gmail.com,*,,
07.12.2025 15:37,07.12.2025,Beaver Creek,GS,Antoine,Odermatt,Schwarz,Kristoffersen,Brennsteiner,Zubcic,,,antoinesilvin1@gmail.com,*,,
07.12.2025 15:59,07.12.2025,Beaver Creek,GS,Sam,Odermatt,Brennsteiner,Braathen,Kristoffersen,Pinturault,,,sammollaret73@gmail.com,*,,
07.12.2025 16:05,07.12.2025,Beaver Creek,GS,Romane,Odermatt,Braathen,Brennsteiner,Mcgrath,Schwarz,,,deski.poccardmarionromane@gmail.com,*,,
07.12.2025 17:14,07.12.2025,Beaver Creek,GS,Celia,Odermatt,Haaser,Kranjec,Schwarz,Meillard,,,celia.marie.gravier@gmail.com,*,,
07.12.2025 17:16,07.12.2025,Beaver Creek,GS,Alix,Odermatt,Kristoffersen,Brennsteiner,Braathen,Tumler,,,deski.richermozalix@gmail.com,*,,
07.12.2025 17:20,07.12.2025,Beaver Creek,GS,Val,Odermatt,Kristoffersen,Braathen,Schwarz,Mcgrath,,,deski.silvinvalentin@gmail.com,*,,
07.12.2025 17:22,07.12.2025,Beaver Creek,GS,Francois,Odermatt,Kristoffersen,Braathen,Brennsteiner,Mcgrath,,,francois.poccard-marion@orange.fr,*,,
07.12.2025 17:37,07.12.2025,Beaver Creek,GS,Elo,Odermatt,Kristoffersen,Tumler,Brennsteiner,Schwarz,,,eloise.lagarde38@gmail.com,*,,
07.12.2025 17:44,07.12.2025,Beaver Creek,GS,Francois,Odermatt,Mcgrath,Kristoffersen,Kranjec,Braathen,,,francois.poccard-marion@orange.fr,*,,
07.12.2025 17:45,07.12.2025,Beaver Creek,GS,Alexis,Odermatt,Mcgrath,Brennsteiner,Schwarz,Kristoffersen,,,peytavin.alexis@gmail.com,*,,
07.12.2025 17:53,07.12.2025,Beaver Creek,GS,Francois,Odermatt,Brennsteiner,Kristoffersen,Braathen,Mcgrath,,,francois.poccard-marion@orange.fr,*,,
07.12.2025 17:56,07.12.2025,Beaver Creek,GS,Perrine,Odermatt,Favrot,Schwarz,Brennsteiner,Braathen,,,perrinec73@gmail.com,*,,
07.12.2025 22:01,07.12.2025,Beaver Creek,GS,Resultat,Odermatt,Vinatzer,Kristoffersen,Brennsteiner,Braathen,tg,,antoinesilvin1@gmail.com,*,,
12.12.2025 12:16,13.12.2025,Val d'Isere,GS,Elo,Odermatt,Kristoffersen,Brennsteiner,Schwarz,Vinatzer,,,eloise.lagarde38@gmail.com,*,,
12.12.2025 12:27,14.12.2025,Val d'Isere,SL,Elo,Kristoffersen,Mcgrath,Noel,Haugan,Braathen,,,eloise.lagarde38@gmail.com,*,,
12.12.2025 12:55,13.12.2025,Val d'Isere,GS,Tim,Odermatt,Mcgrath,Kristoffersen,Brennsteiner,Braathen,,,silvintimothe@gmail.com,*,,
12.12.2025 13:02,13.12.2025,Val d'Isere,GS,Adrien,Odermatt,Kristoffersen,Braathen,Mcgrath,Schwarz,,,athorey@gmail.com,*,,
12.12.2025 17:37,13.12.2025,Val d'Isere,GS,Sam,Odermatt,Brennsteiner,Schwarz,Kristoffersen,Braathen,,,sammollaret73@gmail.com,*,,
12.12.2025 18:45,13.12.2025,Val d'Isere,GS,Mateo,Odermatt,Kristoffersen,Mcgrath,Zubcic,Brennsteiner,,,mateomollaret73@gmail.com,*,,
12.12.2025 19:41,13.12.2025,Val d'Isere,GS,Gianni,Odermatt,Kristoffersen,Brennsteiner,Braathen,Mcgrath,,,giannigiachino2001@gmail.com,*,,
12.12.2025 19:43,13.12.2025,Val d'Isere,GS,Gerlain,Odermatt,Kristoffersen,Mcgrath,Braathen,Vinatzer,Je Paris pour Guerlain il a perdu son tel ,,giannigiachino2001@gmail.com,*,,
12.12.2025 20:33,13.12.2025,Val d'Isere,GS,Cyril,Odermatt,Kristoffersen,Brennsteiner,Schwarz,Mcgrath,,,cyril.peretto@gmail.com,*,,
12.12.2025 20:36,14.12.2025,Val d'Isere,SL,Cyril,Braathen,Noel,Haugan,Rassat,Mcgrath,,,cyril.peretto@gmail.com,*,,
12.12.2025 20:54,13.12.2025,Val d'Isere,GS,Lulu,Odermatt,Braathen,Favrot,Mcgrath,Kristoffersen,,,deski.truchetlucie@gmail.com,*,,
12.12.2025 20:57,13.12.2025,Val d'Isere,GS,Val,Odermatt,Braathen,Brennsteiner,Mcgrath,Kristoffersen,,,eloise.lagarde38@gmail.com,*,,
12.12.2025 21:45,13.12.2025,Val d'Isere,GS,Mingeon,Odermatt,Braathen,Kristoffersen,Brennsteiner,Tumler,,,sam.mingeon@gmail.com,*,,
12.12.2025 23:21,13.12.2025,Val d'Isere,GS,Marius,Braathen,Brennsteiner,Odermatt,Kristoffersen,Mcgrath,,,mariusvieillemarchiset@gmail.com,*,,
12.12.2025 23:33,13.12.2025,Val d'Isere,GS,Val,Odermatt,Brennsteiner,Kristoffersen,Mcgrath,Schwarz,,,deski.silvinvalentin@gmail.com,*,,
13.12.2025 00:12,13.12.2025,Val d'Isere,GS,Antoine,Odermatt,Kristoffersen,Schwarz,Braathen,Mcgrath,,,antoinesilvin1@gmail.com,*,,
13.12.2025 00:30,13.12.2025,Val d'Isere,GS,Alexis,Odermatt,Kristoffersen,Brennsteiner,Braathen,Mcgrath,,,peytavin.alexis@gmail.com,*,,
13.12.2025 01:35,13.12.2025,Val d'Isere,GS,Nino,Odermatt,Brennsteiner,Braathen,Kristoffersen,Tumler,,,nino28.gal@gmail.com,*,,
13.12.2025 08:41,13.12.2025,Val d'Isere,GS,Perrine,Odermatt,Brennsteiner,Anguenot,Vinatzer,Kristoffersen,,,perrinec73@gmail.com,*,,
13.12.2025 08:50,13.12.2025,Val d'Isere,GS,Louis,Odermatt,Braathen,Favrot,Kristoffersen,Vitale,,,deski.fleurancelouis@gmail.com,*,,
13.12.2025 08:51,13.12.2025,Val d'Isere,GS,Romane,Odermatt,Braathen,P. Feurstein,Kristoffersen,Pinturault,,,deski.poccardmarionromane@gmail.com,*,,
13.12.2025 09:15,13.12.2025,Val d'Isere,GS,Mateo,Odermatt,Kristoffersen,Braathen,Mcgrath,Brennsteiner,,,mateomollaret73@gmail.com,*,,
13.12.2025 09:25,13.12.2025,Val d'Isere,GS,Sam,Odermatt,Kristoffersen,Brennsteiner,Braathen,Vitale,,,sammollaret73@gmail.com,*,,
13.12.2025 09:29,13.12.2025,Val d'Isere,GS,Alix,Odermatt,Mcgrath,Braathen,Kristoffersen,Tumler,,,deski.richermozalix@gmail.com,*,,
13.12.2025 17:24,14.12.2025,Val d'Isere,SL,Elo,Haugan,Noel,Kristoffersen,Mcgrath,Braathen,,,eloise.lagarde38@gmail.com,*,,
13.12.2025 17:37,14.12.2025,Val d'Isere,SL,Val,Noel,Haugan,Mcgrath,Rassat,Kristoffersen,,,deski.silvinvalentin@gmail.com,*,,
13.12.2025 19:36,14.12.2025,Val d'Isere,SL,Tim,Noel,Mcgrath,Kristoffersen,Haugan,Braathen,,,silvintimothe@gmail.com,*,,
13.12.2025 19:36,14.12.2025,Val d'Isere,SL,Mateo,Noel,Braathen,Haugan,Mcgrath,Kristoffersen,,,mateomollaret73@gmail.com,*,,
13.12.2025 22:08,14.12.2025,Val d'Isere,SL,Mingeon,Noel,Mcgrath,Kristoffersen,Braathen,Rassat,,,sam.mingeon@gmail.com,*,,
13.12.2025 22:16,14.12.2025,Val d'Isere,SL,Nino,Noel,Braathen,Kristoffersen,Mcgrath,Meillard,,,nino28.gal@gmail.com,*,,
13.12.2025 22:46,14.12.2025,Val d'Isere,SL,Gerlain,Braathen,Rassat,Noel,Mcgrath,Meillard,,,guerlaingaucher@gmail.com,*,,
13.12.2025 22:57,14.12.2025,Val d'Isere,SL,Alexis,Kristoffersen,Noel,Braathen,Haugan,Mcgrath,,,peytavin.alexis@gmail.com,*,,
13.12.2025 23:06,14.12.2025,Val d'Isere,SL,Gianni,Noel,Haugan,Braathen,Meillard,Rassat,,,giannigiachino2001@gmail.com,*,,
13.12.2025 23:28,14.12.2025,Val d'Isere,SL,Antoine,Noel,Haugan,Braathen,Kristoffersen,Mcgrath,,,antoinesilvin1@gmail.com,*,,
13.12.2025 23:42,14.12.2025,Val d'Isere,SL,Sam,Noel,Kristoffersen,Mcgrath,Braathen,Amiez,,,sammollaret73@gmail.com,*,,
14.12.2025 07:47,14.12.2025,Val d'Isere,SL,Louis,Noel,Braathen,Mcgrath,Amiez,Kristoffersen,,,deski.fleurancelouis@gmail.com,*,,
14.12.2025 08:11,14.12.2025,Val d'Isere,SL,Adrien,Kristoffersen,Noel,Meillard,Braathen,Rassat,,,athorey@gmail.com,*,,
14.12.2025 08:12,14.12.2025,Val d'Isere,SL,Lulu,Noel,Kristoffersen,Meillard,Braathen,Mcgrath,,,deski.truchetlucie@gmail.com,*,,
14.12.2025 08:55,14.12.2025,Val d'Isere,SL,Perrine,Noel,Haugan,Rassat,Meillard,Kristoffersen,,,perrinec73@gmail.com,*,,
14.12.2025 09:08,14.12.2025,Val d'Isere,SL,Romane,Noel,Braathen,Kristoffersen,Mcgrath,Amiez,,,deski.poccardmarionromane@gmail.com,*,,
14.12.2025 09:24,14.12.2025,Val d'Isere,SL,Alix,Noel,Haugan,Hallberg,Kristoffersen,Amiez,,,silvintimothe@gmail.com,*,,
14.12.2025 09:30,14.12.2025,Val d'Isere,SL,Gabin,Noel,Kristoffersen,Mcgrath,Braathen,Meillard,,,gab1gaucher1617@gmail.com,*,,
17.12.2025 17:44,18.12.2025,Val Gardena,DH,Adrien,Odermatt,Kriechmayr,Von Allmen,Rogentin,Monney,,,athorey@gmail.com,*,,
17.12.2025 17:45,19.12.2025,Val Gardena,SG,Adrien,Odermatt,Kriechmayr,Moeller,Murisier,Kilde,,,athorey@gmail.com,*,,
17.12.2025 18:13,18.12.2025,Val Gardena,DH,Elo,Odermatt,Von Allmen,Chchran-seigle,Paris,Bennet,,,eloise.lagarde38@gmail.com,*,,
17.12.2025 18:17,18.12.2025,Val Gardena,DH,Elo,Odermatt,Von Allmen,Kriechmayr,Chchran-seigle,Bennet,,,eloise.lagarde38@gmail.com,*,,
17.12.2025 19:41,18.12.2025,Val Gardena,DH,Tim,Odermatt,Von Allmen,Chchran-seigle,Sejersted,Kriechmayr,,,silvintimothe@gmail.com,*,,
17.12.2025 19:52,17.12.2025,Val Gardena,DH,Marius,Odermatt,Kriechmayr,Von Allmen,Paris,Rogentin,,,mariusvieillemarchiset@gmail.com,,,
17.12.2025 19:55,13.12.2025,Val d'Isere,GS,Course,,,,,,tg,09:30:00,cyril.peretto@gmail.com,*,,
17.12.2025 19:56,14.12.2025,Val d'Isere,SL,Course,,,,,,tg,09:30:00,cyril.peretto@gmail.com,*,,
17.12.2025 19:57,18.12.2025,Val Gardena,DH,Course,,,,,,tg,11:45:00,cyril.peretto@gmail.com,*,,
17.12.2025 19:58,19.12.2025,Val Gardena,SG,Course,,,,,,tg,11:45:00,cyril.peretto@gmail.com,*,,
17.12.2025 19:59,20.12.2025,Val Gardena,DH,Course,,,,,,tg,11:45:00,cyril.peretto@gmail.com,*,,
17.12.2025 20:01,13.12.2025,Val d'Isere,GS,Resultat,Meillard,Aerni,Odermatt,Haugan,Brennsteiner,tg,,cyril.peretto@gmail.com,*,,
17.12.2025 20:02,14.12.2025,Val d'Isere,SL,Resultat,Haugan,Meillard,Kristoffersen,Vinatzer,Sandvik,tg,,cyril.peretto@gmail.com,*,,
17.12.2025 21:00,18.12.2025,Val Gardena,DH,Cyril,Odermatt,Chchran-seigle,Von Allmen,Kriechmayr,Allegre,,,cyril.peretto@gmail.com,*,,
17.12.2025 21:16,18.12.2025,Val Gardena,DH,Sam,Odermatt,Hemetsberger,Kriechmayr,Paris,Chchran-seigle,,,sammollaret73@gmail.com,*,,
17.12.2025 22:26,18.12.2025,Val Gardena,SG,Val,Odermatt,Moeller,Kriechmayr,Casse,Von Allmen,,,deski.silvinvalentin@gmail.com,,,
17.12.2025 22:29,18.12.2025,Val Gardena,DH,Val,Odermatt,Von Allmen,Kriechmayr,Moeller,Chchran-seigle,,,deski.silvinvalentin@gmail.com,*,,
17.12.2025 22:32,18.12.2025,Val Gardena,DH,Nino,Odermatt,Von Allmen,Chchran-seigle,Kriechmayr,Monney,,,nino28.gal@gmail.com,*,,
17.12.2025 23:54,18.12.2025,Val Gardena,DH,Gerlain,Odermatt,Chchran-seigle,Kriechmayr,Von Allmen,Babinsky,,,guerlaingaucher@gmail.com,*,,
18.12.2025 06:28,18.12.2025,Val Gardena,DH,Lulu,Odermatt,Chchran-seigle,Von Allmen,Paris,Kriechmayr,,,deski.truchetlucie@gmail.com,*,,
18.12.2025 09:50,18.12.2025,Val Gardena,DH,Francois,Kriechmayr,Odermatt,Bennett,Paris,Allegre,,,francois.poccard-marion@orange.fr,*,,
18.12.2025 09:50,18.12.2025,Val Gardena,DH,Mateo,Odermatt,Chchran-seigle,Kriechmayr,Sejersted,Von Allmen,,,mateomollaret73@gmail.com,*,,
18.12.2025 10:26,18.12.2025,Val Gardena,DH,Romane,Odermatt,Monney,Chchran-seigle,Hemetsberger,Allegre,,,deski.poccardmarionromane@gmail.com,*,,
18.12.2025 11:32,18.12.2025,Val Gardena,DH,Perrine,Odermatt,Chchran-seigle,Kriechmayr,Von Allmen,Sejersted,,,perrinec73@gmail.com,*,,
18.12.2025 11:38,18.12.2025,Val Gardena,DH,Gianni,Odermatt,Von Allmen,Sejersted,Kriechmayr,Kilde,,,giannigiachino2001@gmail.com,*,,
18.12.2025 11:38,18.12.2025,Val Gardena,DH,Antoine,Odermatt,Kriechmayr,Haaser,Von Allmen,Paris,,,antoinesilvin1@gmail.com,*,,
18.12.2025 11:45,18.12.2025,Val Gardena,DH,Mingeon,Odermatt,Monney,Kriechmayr,Chchran-seigle,Paris,,,sam.mingeon@gmail.com,*,,
18.12.2025 12:06,18.12.2025,Val Gardena,DH,Louis,Odermatt,Kriechmayr,Von Allmen,Moeller,Monney,,,deski.fleurancelouis@gmail.com,*,,
18.12.2025 12:30,18.12.2025,Val Gardena,DH,Alix,Odermatt,Kriechmayr,Hintermann,Crawford,Hemetsberger,,,deski.richermozalix@gmail.com,*,,
18.12.2025 19:09,19.12.2025,Val Gardena,SG,Louis,Odermatt,Von Allmen,Paris,Kriechmayr,Moeller,,,deski.fleurancelouis@gmail.com,*,,
18.12.2025 20:28,19.12.2025,Val Gardena,SG,Marius,Odermatt,Kriechmayr,Haaser,Monney,Von Allmen,,,mariusvieillemarchiset@gmail.com,*,,
18.12.2025 21:02,19.12.2025,Val Gardena,SG,Sam,Odermatt,Casse,Moeller,Allegre,Kriechmayr,,,sammollaret73@gmail.com,*,,
18.12.2025 21:16,19.12.2025,Val Gardena,SG,Val,Odermatt,Von Allmen,Paris,Kriechmayr,Monney,,,deski.silvinvalentin@gmail.com,*,,
18.12.2025 21:23,19.12.2025,Val Gardena,SG,Cyril,Odermatt,Casse,Von Allmen,Kriechmayr,Allegre,,,cyril.peretto@gmail.com,*,,
18.12.2025 21:37,19.12.2025,Val Gardena,SG,Mingeon,Odermatt,Kriechmayr,Von Allmen,Paris,Casse,,,sam.mingeon@gmail.com,*,,
18.12.2025 22:50,19.12.2025,Val Gardena,SG,Gerlain,Odermatt,Kriechmayr,Haaser,Babinsky,Allegre,,,guerlaingaucher@gmail.com,*,,
18.12.2025 23:45,19.12.2025,Val Gardena,SG,Gianni,Odermatt,Kriechmayr,Casse,Von Allmen,Kilde,,,giannigiachino2001@gmail.com,*,,
19.12.2025 00:16,20.12.2025,Val Gardena,SG,Mateo,Odermatt,Kriechmayr,Allegre,Paris,Monney,,,mateomollaret73@gmail.com,,,
19.12.2025 06:45,19.12.2025,Val Gardena,SG,Nino,Odermatt,Kriechmayr,Von Allmen,Paris,Chchran-seigle,,,nino28.gal@gmail.com,*,,
19.12.2025 07:44,19.12.2025,Val Gardena,SG,Tim,Odermatt,Von Allmen,Paris,Haaser,Casse,,,silvintimothe@gmail.com,*,,
19.12.2025 09:20,19.12.2025,Val Gardena,SG,Elo,Odermatt,Kriechmayr,Moeller,Haaser,Paris,,,eloise.lagarde38@gmail.com,*,,
19.12.2025 09:26,19.12.2025,Val Gardena,SG,Francois,Odermatt,Casse,P. Feurstein,Kriechmayr,Allegre,,,francois.poccard-marion@orange.fr,*,,
19.12.2025 09:40,19.12.2025,Val Gardena,SG,Lulu,Odermatt,Von Allmen,Haaser,Paris,Kriechmayr,,,deski.truchetlucie@gmail.com,*,,
19.12.2025 10:34,19.12.2025,Val Gardena,SG,Antoine,Odermatt,Kriechmayr,Von Allmen,Paris,Casse,,,antoinesilvin1@gmail.com,*,,
19.12.2025 11:19,19.12.2025,Val Gardena,SG,Alexis,Odermatt,Kriechmayr,Rogentin,Haaser,Casse,,,peytavin.alexis@gmail.com,*,,
19.12.2025 12:13,20.12.2025,Val Gardena,DH,Adrien,Odermatt,Von Allmen,Kriechmayr,Rogentin,Monney,,,athorey@gmail.com,*,,
19.12.2025 16:01,20.12.2025,Val Gardena,DH,Gianni,Odermatt,Casse,Von Allmen,Sejersted,Kilde,,,giannigiachino2001@gmail.com,*,,
19.12.2025 16:02,20.12.2025,Val Gardena,DH,Tim,Odermatt,Von Allmen,Paris,Allegre,Casse,,,silvintimothe@gmail.com,*,,
19.12.2025 16:10,20.12.2025,Val Gardena,DH,Lulu,Odermatt,Paris,Von Allmen,Casse,Allegre,,,deski.truchetlucie@gmail.com,*,,
19.12.2025 17:24,20.12.2025,Val Gardena,DH,Perrine,Odermatt,Von Allmen,Allegre,Bennett,Paris,,,perrinec73@gmail.com,*,,
19.12.2025 19:34,20.12.2025,Val Gardena,DH,Elo,Odermatt,Von Allmen,Paris,Casse,Allegre,,,eloise.lagarde38@gmail.com,*,,
19.12.2025 19:51,20.12.2025,Val Gardena,DH,Val,Odermatt,Von Allmen,Allegre,Kriechmayr,Casse,,,deski.silvinvalentin@gmail.com,*,,
19.12.2025 21:37,20.12.2025,Val Gardena,DH,Louis,Odermatt,Kriechmayr,Allegre,Von Allmen,Monney,,,deski.fleurancelouis@gmail.com,*,,
19.12.2025 22:18,20.12.2025,Val Gardena,DH,Alexis,Von Allmen,Odermatt,Allegre,Paris,Autre,Schieder,,peytavin.alexis@gmail.com,*,,
19.12.2025 22:41,20.12.2025,Val Gardena,DH,Mingeon,Odermatt,Von Allmen,Allegre,Paris,Casse,,,sam.mingeon@gmail.com,*,,
19.12.2025 22:42,20.12.2025,Val Gardena,DH,Nino,Odermatt,Paris,Von Allmen,Allegre,Rogentin,,,nino28.gal@gmail.com,*,,
19.12.2025 22:55,20.12.2025,Val Gardena,DH,Cyril,Odermatt,Von Allmen,Kriechmayr,Chchran-seigle,Allegre,,,cyril.peretto@gmail.com,*,,
19.12.2025 23:28,20.12.2025,Val Gardena,DH,Sam,Odermatt,Von Allmen,Paris,Allegre,Casse,,,sammollaret73@gmail.com,*,,
20.12.2025 00:40,20.12.2025,Val Gardena,DH,Gerlain,Paris,Odermatt,Von Allmen,Casse,Allegre,,,guerlaingaucher@gmail.com,*,,
20.12.2025 07:29,20.12.2025,Val Gardena,DH,Antoine,Odermatt,Von Allmen,Paris,Kriechmayr,Monney,,,antoinesilvin1@gmail.com,*,,
20.12.2025 08:12,20.12.2025,Val Gardena,DH,Francois,Odermatt,Allegre,Von Allmen,Paris,Casse,,,francois.poccard-marion@orange.fr,*,,
20.12.2025 09:19,20.12.2025,Val Gardena,DH,Romane,Odermatt,Von Allmen,Allegre,Casse,Monney,,,deski.poccardmarionromane@gmail.com,*,,
20.12.2025 10:06,20.12.2025,Val Gardena,DH,Mateo,Odermatt,Von Allmen,Paris,Kriechmayr,Allegre,,,mateomollaret73@gmail.com,*,,
20.12.2025 11:01,20.12.2025,Val Gardena,DH,Alix,Odermatt,Von Allmen,Allegre,Paris,Autre,Franzoni Giovanni,,deski.richermozalix@gmail.com,*,,
20.12.2025 13:31,21.12.2025,Alta Badia,GS,Adrien,Odermatt,Meillard,Mcgrath,Braathen,Vinatzer,,,athorey@gmail.com,*,,
20.12.2025 13:35,22.12.2025,Alta Badia,SL,Adrien,Noel,Kristoffersen,Brennsteiner,Amiez,Rassat,,,athorey@gmail.com,*,,
20.12.2025 17:12,21.12.2025,Alta Badia,GS,Course,,,,,,tg,10:00:00,cyril.peretto@gmail.com,*,,
20.12.2025 17:13,22.12.2025,Alta Badia,SL,Course,,,,,,tg,10:00:00,cyril.peretto@gmail.com,*,,
20.12.2025 17:16,21.12.2025,Alta Badia,GS,Cyril,Odermatt,Brennsteiner,Meillard,Kristoffersen,Vinatzer,,,cyril.peretto@gmail.com,*,,
20.12.2025 17:18,22.12.2025,Alta Badia,SL,Cyril,Haugan,Braathen,Kristoffersen,Meillard,Noel,,,cyril.peretto@gmail.com,*,,
20.12.2025 19:01,18.12.2025,Val Gardena,DH,Resultat,Odermatt,Von Allmen,Paris,Allegre,Alphand ,tg,,cyril.peretto@gmail.com,*,,
20.12.2025 19:11,19.12.2025,Val Gardena,SG,Resultat,Zabystran,Odermatt,Franz,Allegre,Bailet,tg,,cyril.peretto@gmail.com,*,,
20.12.2025 19:37,20.12.2025,Val Gardena,DH,Resultat,Von Allmen,Odermatt,Schieder,Alphand ,Miggiano,tg,,cyril.peretto@gmail.com,*,,
20.12.2025 19:54,21.12.2025,Alta Badia,GS,Mingeon,Odermatt,Brennsteiner,Kristoffersen,Meillard,Haugan,,,sam.mingeon@gmail.com,*,,
20.12.2025 20:43,21.12.2025,Alta Badia,GS,Perrine,Odermatt,Brennsteiner,Haugan,Schwarz,Zubcic,,,perrinec73@gmail.com,*,,
20.12.2025 20:56,21.12.2025,Alta Badia,GS,Gerlain,Meillard,Odermatt,Vinatzer,Mcgrath,Kristoffersen,,,guerlaingaucher@gmail.com,*,,
20.12.2025 21:04,21.12.2025,Alta Badia,GS,Tim,Odermatt,Meillard,Kristoffersen,Brennsteiner,Haugan,,,silvintimothe@gmail.com,*,,
20.12.2025 21:11,21.12.2025,Alta Badia,GS,Lulu,Odermatt,Meillard,Brennsteiner,Kristoffersen,Braathen,,,deski.truchetlucie@gmail.com,*,,
20.12.2025 21:12,21.12.2025,Alta Badia,GS,Francois,Meillard,Brennsteiner,Odermatt,Anguenot,Vinatzer,,,francois.poccard-marion@orange.fr,*,,
20.12.2025 21:35,21.12.2025,Alta Badia,GS,Romane,Meillard,Odermatt,Haugan,Vinatzer,Anguenot,,,deski.poccardmarionromane@gmail.com,*,,
20.12.2025 23:14,21.12.2025,Alta Badia,GS,Alexis,Odermatt,Meillard,Vinatzer,Zubcic,Kristoffersen,,,peytavin.alexis@gmail.com,*,,
21.12.2025 02:48,21.12.2025,Alta Badia,GS,Nino,Odermatt,Meillard,Brennsteiner,Kristoffersen,Schwarz,,,nino28.gal@gmail.com,*,,
21.12.2025 06:50,21.12.2025,Alta Badia,GS,Marius,Odermatt,Meillard,Braathen,Haugan,Schwarz,,,mariusvieillemarchiset@gmail.com,*,,
21.12.2025 07:14,21.12.2025,Alta Badia,GS,Antoine,Odermatt,Meillard,Kristoffersen,Vinatzer,Schwarz,,,antoinesilvin1@gmail.com,*,,
21.12.2025 07:43,21.12.2025,Alta Badia,GS,Gianni,Odermatt,Meillard,Kristoffersen,Brennsteiner,Pinturault,,,giannigiachino2001@gmail.com,*,,
21.12.2025 07:53,21.12.2025,Alta Badia,GS,Louis,Odermatt,Meillard,Brennsteiner,Braathen,Kristoffersen,,,deski.fleurancelouis@gmail.com,*,,
21.12.2025 08:41,21.12.2025,Alta Badia,GS,Sam,Odermatt,Vinatzer,Kristoffersen,Haugan,Anguenot,,,sammollaret73@gmail.com,*,,
21.12.2025 09:11,21.12.2025,Alta Badia,GS,Alix,Odermatt,Mcgrath,Kristoffersen,Zubcic,Brennsteiner,,,deski.richermozalix@gmail.com,*,,
21.12.2025 09:11,21.12.2025,Alta Badia,GS,Tim,Odermatt,Meillard,Brennsteiner,Kristoffersen,Haugan,,,silvintimothe@gmail.com,*,,
21.12.2025 09:41,21.12.2025,Alta Badia,GS,Celia,Odermatt,Braathen,Mcgrath,Meillard,Radamus,,,celia.marie.gravier@gmail.com,*,,
21.12.2025 09:46,21.12.2025,Alta Badia,GS,Val,Odermatt,Meillard,Anguenot,Brennsteiner,Zubcic,,,deski.silvinvalentin@gmail.com,*,,
21.12.2025 09:50,21.12.2025,Alta Badia,GS,Elo,Odermatt,Meillard,Zubcic,Haugan,Mcgrath,,,eloise.lagarde38@gmail.com,*,,
21.12.2025 09:50,21.12.2025,Alta Badia,GS,Val,Odermatt,Meillard,Brennsteiner,Kristoffersen,Haugan,,,deski.silvinvalentin@gmail.com,*,,
21.12.2025 09:55,21.12.2025,Alta Badia,GS,Elo,Odermatt,Meillard,Zubcic,Brennsteiner,Kranjec,,,eloise.lagarde38@gmail.com,*,,
21.12.2025 16:41,21.12.2025,Alta Badia,GS,Resultat,Schwarz,Braathen,Brennsteiner,Mcgrath,Autre,tg,,cyril.peretto@gmail.com,*,,
21.12.2025 16:59,22.12.2025,Alta Badia,SL,Val,Haugan,Meillard,Mcgrath,Kristoffersen,Noel,,,deski.silvinvalentin@gmail.com,*,,
21.12.2025 17:16,22.12.2025,Alta Badia,SL,Aubin,Meillard,Noel,Braathen,Kristoffersen,Amiez,,,aubinsimon2001@gmail.com,*,,
21.12.2025 17:45,22.12.2025,Alta Badia,SL,Mingeon,Noel,Braathen,Haugan,Meillard,Mcgrath,,,sam.mingeon@gmail.com,*,,
21.12.2025 18:02,22.12.2025,Alta Badia,SL,Nino,Noel,Haugan,Mcgrath,Braathen,Meillard,,,nino28.gal@gmail.com,*,,
21.12.2025 18:34,22.12.2025,Alta Badia,SL,Alexis,Noel,Haugan,Meillard,Mcgrath,Rassat,,,peytavin.alexis@gmail.com,*,,
21.12.2025 19:30,22.12.2025,Alta Badia,SL,Perrine,Noel,Meillard,Haugan,Schwarz,Vinatzer,,,perrinec73@gmail.com,*,,
21.12.2025 20:39,22.12.2025,Alta Badia,SL,Elo,Haugan,Meillard,Kristoffersen,Noel,Mcgrath,,,eloise.lagarde38@gmail.com,*,,
21.12.2025 20:53,22.12.2025,Alta Badia,SL,Tim,Noel,Meillard,Haugan,Mcgrath,Kristoffersen,,,silvintimothe@gmail.com,*,,
21.12.2025 23:15,22.12.2025,Alta Badia,SL,Gerlain,Meillard,Haugan,Noel,Braathen,Hallberg,,,guerlaingaucher@gmail.com,*,,
22.12.2025 07:45,22.12.2025,Alta Badia,SL,Gianni,Noel,Meillard,Haugan,Kristoffersen,Mcgrath,,,giannigiachino2001@gmail.com,*,,
22.12.2025 08:55,22.12.2025,Alta Badia,SL,Lulu,Braathen,Noel,Mcgrath,Schwarz,Haugan,,,deski.truchetlucie@gmail.com,*,,
22.12.2025 09:14,22.12.2025,Alta Badia,SL,Alix,Noel,Kristoffersen,Haugan,Braathen,Autre,Nef Tanguy,,deski.richermozalix@gmail.com,*,,
22.12.2025 09:14,22.12.2025,Alta Badia,SL,Francois,Noel,Meillard,Braathen,Rassat,Schwarz,,,francois.poccard-marion@orange.fr,*,,
22.12.2025 09:25,22.12.2025,Alta Badia,SL,Romane,Noel,Mcgrath,Braathen,Rassat,Kristoffersen,,,deski.poccardmarionromane@gmail.com,*,,
22.12.2025 09:34,22.12.2025,Alta Badia,GS,Antoine,Odermatt,Schwarz,Braathen,Kristoffersen,Meillard,,,antoinesilvin1@gmail.com,,,
22.12.2025 15:53,28.12.2025,Livigno,SG,Adrien,Odermatt,Kriechmayr,Haaser,Rogentin,Paris,,,athorey@gmail.com,,,
22.12.2025 16:50,22.12.2025,Alta Badia,SL,Resultat,Mcgrath,Noel,Meillard,Haugan,Braathen,tg,,antoinesilvin1@gmail.com,*,,
25.12.2025 22:04,27.12.2025,Livigno,SG,Mateo,Odermatt,Kriechmayr,Paris,Allegre,Rogentin,,,mateomollaret73@gmail.com,*,,
26.12.2025 09:57,27.12.2025,Livigno,SG,Tim,Odermatt,Kriechmayr,Von Allmen,Paris,Rogentin,,,silvintimothe@gmail.com,*,,
26.12.2025 10:43,27.12.2025,Livigno,SG,Louis,Odermatt,Kriechmayr,Haaser,Moeller,Allegre,,,deski.fleurancelouis@gmail.com,*,,
26.12.2025 19:53,27.12.2025,Livigno,SG,Cyril,Odermatt,Kriechmayr,Haaser,Allegre,Moeller,,,cyril.peretto@gmail.com,*,,
26.12.2025 19:55,27.12.2025,Livigno,SG,Lulu,Odermatt,Von Allmen,Kriechmayr,Haaser,Paris,,,deski.truchetlucie@gmail.com,*,,
26.12.2025 20:21,27.12.2025,Livigno,SG,Alexis,Odermatt,Kriechmayr,Autre,Haaser,Allegre,Franzoni,,peytavin.alexis@gmail.com,*,,
26.12.2025 20:32,27.12.2025,Livigno,SG,Gerlain,Odermatt,Kriechmayr,Haaser,Paris,Allegre,,,guerlaingaucher@gmail.com,*,,
26.12.2025 21:28,27.12.2025,Livigno,SG,Gabin,Odermatt,Haugan,Braathen,Schwarz,Mcgrath,,,gab1gaucher1617@gmail.com,*,,
26.12.2025 22:42,27.12.2025,Livigno,SG,Adrien,Odermatt,Kriechmayr,Haaser,Rogentin,Paris,,,athorey@gmail.com,*,,
26.12.2025 23:05,27.12.2025,Livigno,SG,Nino,Odermatt,Kriechmayr,Haaser,Von Allmen,Rogentin,,,nino28.gal@gmail.com,*,,
27.12.2025 06:56,27.12.2025,Livigno,SG,Mingeon,Odermatt,Rassat,Von Allmen,Kriechmayr,Haaser,,,sam.mingeon@gmail.com,*,,
27.12.2025 08:39,27.12.2025,Livigno,SG,Francois,Odermatt,Haaser,Casse,Kriechmayr,Paris,,,francois.poccard-marion@orange.fr,*,,
27.12.2025 08:55,27.12.2025,Livigno,SG,Val,Odermatt,Von Allmen,Allegre,Kriechmayr,Autre,Franzoni ,,deski.silvinvalentin@gmail.com,*,,
27.12.2025 09:39,27.12.2025,Livigno,SG,Perrine,Odermatt,Allegre,Kriechmayr,Rogentin,Haaser,,,perrinec73@gmail.com,*,,
27.12.2025 10:17,27.12.2025,Livigno,SG,Antoine,Odermatt,Kriechmayr,Haaser,Von Allmen,Monney,,,antoinesilvin1@gmail.com,*,,
27.12.2025 10:23,27.12.2025,Livigno,SG,Romane,Odermatt,Haaser,Kriechmayr,Autre,Allegre,Franzoni,,deski.poccardmarionromane@gmail.com,*,,
27.12.2025 10:23,27.12.2025,Livigno,SG,Gianni,Odermatt,Kriechmayr,Von Allmen,Moeller,Allegre,,,giannigiachino2001@gmail.com,*,,
27.12.2025 11:24,27.12.2025,Livigno,SG,Alix,Odermatt,Von Allmen,Kriechmayr,Allegre,Rogentin,,,deski.richermozalix@gmail.com,*,,
05.01.2026 20:58,07.01.2026,Madona di Campiglio,SL,Sam,Mcgrath,Meillard,Noel,Haugan,Braathen,,,sammollaret73@gmail.com,*,,
06.01.2026 19:18,07.01.2026,Madona di Campiglio,SL,Tim,Noel,Meillard,Haugan,Mcgrath,Braathen,,,silvintimothe@gmail.com,*,,
06.01.2026 19:55,07.01.2026,Madona di Campiglio,SL,Mateo,Noel,Haugan,Meillard,Braathen,Mcgrath,,,mateomollaret73@gmail.com,*,,
06.01.2026 20:31,07.01.2026,Madona di Campiglio,SL,Nino,Noel,Haugan,Meillard,Braathen,Mcgrath,,,nino28.gal@gmail.com,*,,
06.01.2026 21:20,07.01.2026,Madona di Campiglio,SL,Gerlain,Meillard,Meillard,Noel,Schwarz,Hallberg,,,guerlaingaucher@gmail.com,*,,
06.01.2026 21:30,07.01.2026,Madona di Campiglio,SL,Alexis,Meillard,Noel,Haugan,Rassat,Mcgrath,,,peytavin.alexis@gmail.com,*,,
06.01.2026 22:48,07.01.2026,Madona di Campiglio,SL,Gianni,Noel,Kristoffersen,Haugan,Meillard,Braathen,,,giannigiachino2001@gmail.com,*,,
07.01.2026 07:39,07.01.2026,Madona di Campiglio,SL,Mingeon,Noel,Haugan,Kristoffersen,Meillard,Mcgrath,,,sam.mingeon@gmail.com,*,,
07.01.2026 08:27,07.01.2026,Madona di Campiglio,SL,Cyril,Haugan,Meillard,Mcgrath,Kristoffersen,Noel,,,cyril.peretto@gmail.com,*,,
07.01.2026 08:28,07.01.2026,Madona di Campiglio,SL,Lulu,Haugan,Noel,Meillard,Mcgrath,Braathen,,,deski.truchetlucie@gmail.com,*,,
07.01.2026 10:00,07.01.2026,Madona di Campiglio,SL,Elo,Haugan,Meillard,Noel,Mcgrath,Kristoffersen,,,eloise.lagarde38@gmail.com,*,,
07.01.2026 10:03,07.01.2026,Madona di Campiglio,SL,Val,Meillard,Mcgrath,Noel,Haugan,Rassat,,,eloise.lagarde38@gmail.com,*,,
07.01.2026 12:49,11.01.2026,Adelboden,SL,Val,Noel,Meillard,Haugan,Mcgrath,Amiez,,,eloise.lagarde38@gmail.com,*,,
07.01.2026 12:54,11.01.2026,Adelboden,SL,Elo,Meillard,Noel,Kristoffersen,Mcgrath,Haugan,,,eloise.lagarde38@gmail.com,*,,
07.01.2026 12:58,10.01.2026,Adelboden,GS,Val,Odermatt,Meillard,Schwarz,Kristoffersen,Pinturault,,,eloise.lagarde38@gmail.com,*,,
07.01.2026 13:03,10.01.2026,Adelboden,GS,Elo,Odermatt,Brennsteiner,Meillard,Schwarz,Kristoffersen,,,eloise.lagarde38@gmail.com,*,,
07.01.2026 15:28,07.01.2026,Madona di Campiglio,SL,Perrine,Haugan,Mcgrath,Amiez,Noel,Popov,,,perrinec73@gmail.com,*,,
07.01.2026 16:55,07.01.2026,Madona di Campiglio,SL,Romane,Noel,Meillard,Braathen,Amiez,Kristoffersen,,,deski.poccardmarionromane@gmail.com,*,,
07.01.2026 17:01,07.01.2026,Madona di Campiglio,SL,Gerlain,Meillard,Noel,Haugan,Mcgrath,Rassat,,,guerlaingaucher@gmail.com,*,,
07.01.2026 17:14,07.01.2026,Madona di Campiglio,SL,Francois,Noel,Meillard,Rassat,Hallberg,Gstrein,,,francois.poccard-marion@orange.fr,*,,
07.01.2026 17:44,07.01.2026,Madona di Campiglio,SL,Francois,Noel,Meillard,Popov,Hallberg,Rassat,,,francois.poccard-marion@orange.fr,*,,
07.01.2026 17:47,07.01.2026,Madona di Campiglio,SL,Marius,Haugan,Meillard,Noel,Braathen,Mcgrath,,,mariusgameps5@gmail.com,*,,
09.01.2026 18:19,10.01.2026,Adelboden,GS,Tim,Odermatt,Schwarz,Brennsteiner,Braathen,Meillard,,,silvintimothe@gmail.com,*,,
09.01.2026 19:34,10.01.2026,Adelboden,GS,Nino,Odermatt,Brennsteiner,Kristoffersen,Meillard,Braathen,,,nino28.gal@gmail.com,*,,
09.01.2026 19:39,10.01.2026,Adelboden,GS,Val,Odermatt,Schwarz,Braathen,Brennsteiner,Mcgrath,,,deski.silvinvalentin@gmail.com,*,,
09.01.2026 19:40,10.01.2026,Adelboden,GS,Val,Odermatt,Schwarz,Braathen,Brennsteiner,Mcgrath,,,deski.silvinvalentin@gmail.com,*,,
09.01.2026 20:32,10.01.2026,Adelboden,GS,Louis,Odermatt,Brennsteiner,Schwarz,Meillard,Braathen,,,deski.fleurancelouis@gmail.com,*,,
09.01.2026 21:52,10.01.2026,Adelboden,GS,Lulu,Odermatt,Mcgrath,Kristoffersen,Brennsteiner,Braathen,,,deski.truchetlucie@gmail.com,*,,
09.01.2026 21:54,10.01.2026,Adelboden,GS,Gianni,Odermatt,Mcgrath,Kristoffersen,Brennsteiner,Pinturault,,,giannigiachino2001@gmail.com,*,,
09.01.2026 21:55,10.01.2026,Adelboden,GS,Sam,Odermatt,Kristoffersen,Braathen,Meillard,Pinturault,,,sammollaret73@gmail.com,*,,
09.01.2026 22:49,10.01.2026,Adelboden,GS,Adrien,Odermatt,Schwarz,Brennsteiner,Vinatzer,Kristoffersen,,,athorey@gmail.com,*,,
09.01.2026 22:51,11.01.2026,Adelboden,SL,Adrien,Noel,Haugan,Hallberg,Amiez,Rassat,,,athorey@gmail.com,*,,
09.01.2026 23:07,10.01.2026,Adelboden,GS,Antoine,Odermatt,Kristoffersen,Meillard,Mcgrath,Braathen,,,antoinesilvin1@gmail.com,*,,
09.01.2026 23:07,10.01.2026,Adelboden,GS,Cyril,Odermatt,Brennsteiner,Kristoffersen,Meillard,Braathen,,,cyril.peretto@gmail.com,*,,
09.01.2026 23:09,10.01.2026,Adelboden,GS,Mingeon,Odermatt,Brennsteiner,Kristoffersen,Meillard,Schwarz,,,sam.mingeon@gmail.com,*,,
09.01.2026 23:20,10.01.2026,Adelboden,GS,Alexis,Meillard,Odermatt,Brennsteiner,Schwarz,Braathen,,,peytavin.alexis@gmail.com,*,,
09.01.2026 23:23,11.01.2026,Adelboden,SL,Alexis,Noel,Haugan,Hallberg,Amiez,Mcgrath,,,peytavin.alexis@gmail.com,*,,
10.01.2026 01:19,10.01.2026,Adelboden,GS,Gerlain,Odermatt,Braathen,Brennsteiner,Meillard,Anguenot,,,guerlaingaucher@gmail.com,*,,
10.01.2026 08:27,10.01.2026,Adelboden,GS,Francois,Odermatt,Kristoffersen,Meillard,Braathen,Vinatzer,,,francois.poccard-marion@orange.fr,*,,
10.01.2026 08:31,10.01.2026,Adelboden,GS,Francois,Odermatt,Kristoffersen,Meillard,Braathen,Vinatzer,,,francois.poccard-marion@orange.fr,*,,
10.01.2026 08:32,10.01.2026,Adelboden,GS,Mateo,Odermatt,Meillard,Brennsteiner,Braathen,Kristoffersen,,,mateomollaret73@gmail.com,*,,
10.01.2026 09:15,10.01.2026,Adelboden,GS,Romane,Odermatt,Meillard,Braathen,Schwarz,Brennsteiner,,,deski.poccardmarionromane@gmail.com,*,,
10.01.2026 10:21,10.01.2026,Adelboden,GS,Nino,Odermatt,Brennsteiner,Haugan,Meillard,Braathen,,,nino28.gal@gmail.com,*,,
10.01.2026 17:30,11.01.2026,Adelboden,SL,Tim,Noel,Haugan,Hallberg,Rassat,Braathen,,,silvintimothe@gmail.com,*,,
10.01.2026 17:40,11.01.2026,Adelboden,SL,Antoine,Kristoffersen,Noel,Braathen,Mcgrath,Meillard,,,antoinesilvin1@gmail.com,*,,
10.01.2026 18:36,11.01.2026,Adelboden,SL,Gianni,Noel,Haugan,Kristoffersen,Meillard,Rassat,,,giannigiachino2001@gmail.com,*,,
10.01.2026 18:37,11.01.2026,Adelboden,SL,Sam,Rassat,Kristoffersen,Braathen,Meillard,Noel,,,sammollaret73@gmail.com,*,,
10.01.2026 18:39,11.01.2026,Adelboden,SL,Mateo,Noel,Haugan,Braathen,Rassat,Hallberg,,,mateomollaret73@gmail.com,*,,
10.01.2026 19:25,11.01.2026,Adelboden,SL,Louis,Rassat,Noel,Haugan,Hallberg,Amiez,,,deski.fleurancelouis@gmail.com,*,,
10.01.2026 21:33,11.01.2026,Adelboden,SL,Gerlain,Braathen,Noel,Haugan,Kristoffersen,Strasser,,,guerlaingaucher@gmail.com,*,,
11.01.2026 00:14,11.01.2026,Adelboden,SL,Nino,Noel,Braathen,Haugan,Kristoffersen,Mcgrath,,,nino28.gal@gmail.com,*,,
11.01.2026 07:52,11.01.2026,Adelboden,SL,Lulu,Haugan,Noel,Braathen,Hallberg,Mcgrath,,,deski.truchetlucie@gmail.com,*,,
11.01.2026 08:17,11.01.2026,Adelboden,SL,Mingeon,Noel,Haugan,Braathen,Rassat,Braathen,,,sam.mingeon@gmail.com,*,,
11.01.2026 08:37,11.01.2026,Adelboden,SL,Francois,Hallberg,Rassat,Noel,Braathen,Meillard,,,francois.poccard-marion@orange.fr,*,,
11.01.2026 09:19,11.01.2026,Adelboden,SL,Mingeon,Noel,Haugan,Braathen,Rassat,Meillard,,,sam.mingeon@gmail.com,*,,
11.01.2026 09:48,11.01.2026,Adelboden,SL,Perrine,Hallberg,Braathen,Noel,Rassat,Mcgrath,,,perrinec73@gmail.com,*,,
11.01.2026 09:56,11.01.2026,Adelboden,SL,Romane,Noel,Braathen,Haugan,Rassat,Kristoffersen,,,deski.poccardmarionromane@gmail.com,*,,
11.01.2026 10:06,11.01.2026,Adelboden,SL,Cyril,Haugan,Braathen,Noel,Rassat,Hallberg,,,cyril.peretto@gmail.com,*,,
14.01.2026 22:41,16.01.2026,Wengen,SG,Alexis,Von Allmen,Odermatt,Kriechmayr,Monney,Haaser,,,peytavin.alexis@gmail.com,*,,
15.01.2026 13:04,16.01.2026,Wengen,SG,Tim,Odermatt,Kriechmayr,Von Allmen,Monney,Haaser,,,silvintimothe@gmail.com,*,,
15.01.2026 17:39,16.01.2026,Wengen,SG,Sam,Odermatt,Kriechmayr,Von Allmen,Chchran-seigle,Monney,,,sammollaret73@gmail.com,*,,
15.01.2026 17:45,17.01.2026,Wengen,DH,Sam,Odermatt,Chchran-seigle,Kriechmayr,Rogentin,Allegre,,,sammollaret73@gmail.com,*,,
15.01.2026 18:22,16.01.2026,Wengen,SG,Romane,Odermatt,Von Allmen,Franzoni,Kriechmayr,Crawford,Franzoni,,deski.poccardmarionromane@gmail.com,*,,
15.01.2026 18:52,16.01.2026,Wengen,SG,Perrine,Von Allmen,Allegre,Odermatt,Franzoni,Kriechmayr,Franzoni,,perrinec73@gmail.com,*,,
15.01.2026 19:23,16.01.2026,Wengen,SG,Nino,Odermatt,Kriechmayr,Von Allmen,Rogentin,Allegre,,,nino28.gal@gmail.com,*,,
15.01.2026 20:49,16.01.2026,Wengen,SG,Adrien,Odermatt,Kriechmayr,Haaser,Rogentin,Monney,,,athorey@gmail.com,*,,
15.01.2026 20:51,17.01.2026,Wengen,DH,Adrien,Odermatt,Von Allmen,Allegre,Chchran-seigle,Paris,,,athorey@gmail.com,*,,
15.01.2026 20:52,18.01.2026,Wengen,SL,Adrien,Noel,Rassat,Hallberg,Kristoffersen,Haugan,,,athorey@gmail.com,*,,
15.01.2026 21:26,16.01.2026,Wengen,SG,Mingeon,Odermatt,Von Allmen,Allegre,Kriechmayr,Monney,,,sam.mingeon@gmail.com,*,,
16.01.2026 07:14,16.01.2026,Wengen,SG,Francois,Odermatt,Haaser,Von Allmen,Casse,Bailet,,,deski.poccardmarionromane@gmail.com,*,,
16.01.2026 08:36,16.01.2025,Wengen,SG,Gerlain,Odermatt,Von Allmen,Kriechmayr,Paris,Rogentin,,,guerlaingaucher@gmail.com,,,
16.01.2026 08:44,16.01.2026,Wengen,SG,Lulu,Odermatt,Kriechmayr,Von Allmen,Haaser,Monney,,,deski.truchetlucie@gmail.com,*,,
16.01.2026 09:40,16.01.2026,Wengen,SG,Val,Odermatt,Von Allmen,Kriechmayr,Schwarz,Monney,,,deski.silvinvalentin@gmail.com,*,,
16.01.2026 10:23,16.01.2026,Wengen,SG,Gianni,Odermatt,Kriechmayr,Von Allmen,Monney,Allegre,,,giannigiachino2001@gmail.com,*,,
16.01.2026 11:34,16.01.2026,Wengen,SG,Nino,Odermatt,Kriechmayr,Von Allmen,Monney,Allegre,,,nino28.gal@gmail.com,*,,
16.01.2026 12:00,16.01.2026,Wengen,SG,Cyril,Odermatt,Von Allmen,Kriechmayr,Allegre,Haaser,,,cyril.peretto@gmail.com,*,,
16.01.2026 12:29,16.01.2026,Wengen,GS,Elo,Von Allmen,Odermatt,Kriechmayr,Paris,Rogentin,,,eloise.lagarde38@gmail.com,,,
16.01.2026 12:29,16.01.2026,Wengen,SG,Mateo,Odermatt,Kriechmayr,Meillard,Hintermann,Crawford,,,giannigiachino2001@gmail.com,*,,
16.01.2026 12:31,17.01.2026,Wengen,DH,Elo,Odermatt,Paris,Von Allmen,Kriechmayr,Monney,,,eloise.lagarde38@gmail.com,*,,
16.01.2026 12:34,18.01.2026,Wengen,SL,Elo,Braathen,Noel,Schwarz,Kristoffersen,Feller,,,eloise.lagarde38@gmail.com,*,,
16.01.2026 13:12,17.01.2026,Wengen,DH,Sam,Odermatt,Paris,Von Allmen,Autre,Sejersted,Franzoni,,sammollaret73@gmail.com,*,,
16.01.2026 14:13,17.01.2026,Wengen,DH,Tim,Odermatt,Von Allmen,Autre,Chchran-seigle,Kriechmayr,,,silvintimothe@gmail.com,*,,
16.01.2026 18:00,17.01.2026,Wengen,DH,Marius,Odermatt,Autre,Kriechmayr,Von Allmen,Allegre,Franzoni,,mariusvieillemarchiset@gmail.com,*,,
16.01.2026 20:45,17.01.2026,Wengen,DH,Perrine,Autre,Von Allmen,Allegre,Odermatt,Paris,Franzoni,,perrinec73@gmail.com,*,,
16.01.2026 21:02,17.01.2026,Wengen,DH,Louis,Odermatt,Autre,Von Allmen,Paris,Allegre,,,deski.fleurancelouis@gmail.com,*,,
16.01.2026 21:04,17.01.2026,Wengen,DH,Louis,Odermatt,Franzoni,Von Allmen,Paris,Allegre,Franzoni,,deski.fleurancelouis@gmail.com,*,,
16.01.2026 21:07,18.01.2026,Wengen,SL,Louis,Rassat,Noel,Hallberg,Haugan,Braathen,,,deski.fleurancelouis@gmail.com,*,,
16.01.2026 21:26,17.01.2026,Wengen,DH,Gerlain,Von Allmen,Odermatt,Franzoni,Sejersted,Paris,Franzoni ,,guerlaingaucher@gmail.com,*,,
16.01.2026 21:31,17.01.2026,Wengen,DH,Nino,Odermatt,Von Allmen,Chchran-seigle,Allegre,Kriechmayr,,,nino28.gal@gmail.com,*,,
16.01.2026 22:19,17.01.2026,Wengen,DH,Val,Odermatt,Von Allmen,Franzoni,Kriechmayr,Monney,Franzoni ,,deski.silvinvalentin@gmail.com,*,,
16.01.2026 22:26,17.01.2026,Wengen,DH,Val,Odermatt,Von Allmen,Kriechmayr,Casse,Sejersted,,,deski.silvinvalentin@gmail.com,*,,
16.01.2026 22:26,17.01.2026,Wengen,DH,Elo,Odermatt,Von Allmen,Kriechmayr,Sejersted,Paris,,,eloise.lagarde38@gmail.com,*,,
16.01.2026 22:39,17.01.2026,Wengen,DH,Alexis,Von Allmen,Odermatt,Kriechmayr,Autre,Allegre,Schieder,,peytavin.alexis@gmail.com,*,,
17.01.2026 07:33,17.01.2026,Wengen,DH,Lulu,Odermatt,Von Allmen,Franzoni,Chchran-seigle,Crawford,Franzoni ,,deski.truchetlucie@gmail.com,*,,
17.01.2026 08:26,17.01.2026,Wengen,DH,Romane,Odermatt,Von Allmen,Kriechmayr,Allegre,Franzoni,Franzoni,,deski.poccardmarionromane@gmail.com,*,,
17.01.2026 08:49,17.01.2026,Wengen,DH,Francois,Von Allmen,Kriechmayr,Odermatt,Allegre,Babinsky,,,francois.poccard-marion@orange.fr,*,,
17.01.2026 09:06,17.01.2026,Wengen,DH,Mingeon,Odermatt,Von Allmen,Allegre,Kriechmayr,Paris,,,sam.mingeon@gmail.com,*,,
17.01.2026 09:22,17.01.2026,Wengen,DH,Gianni,Odermatt,Kriechmayr,Von Allmen,Casse,Allegre,,,giannigiachino2001@gmail.com,*,,
17.01.2026 09:44,17.01.2026,Wengen,DH,Mateo,Odermatt,Von Allmen,Chchran-seigle,Rogentin,Babinsky,,,mateomollaret73@gmail.com,*,,
17.01.2026 10:11,17.01.2026,Wengen,DH,Cyril,Odermatt,Von Allmen,Babinsky,Franzoni,Kriechmayr,Franzoni,,cyril.peretto@gmail.com,*,,
17.01.2026 10:14,17.01.2026,Wengen,DH,Francois,Von Allmen,Franzoni,Odermatt,Kriechmayr,Babinsky,Fanzoni,,francois.poccard-marion@orange.fr,*,,
17.01.2026 15:37,18.01.2026,Wengen,SL,Marius,Noel,Braathen,Kristoffersen,Mcgrath,Strasser,,,mariusvieillemarchiset@gmail.com,*,,
17.01.2026 15:37,18.01.2026,Wengen,SL,Antoine,Haugan,Noel,Mcgrath,Braathen,Rassat,,,antoinesilvin1@gmail.com,*,,
17.01.2026 16:56,18.01.2026,Wengen,SL,Mateo,Noel,Rassat,Haugan,Mcgrath,Kristoffersen,,,mateomollaret73@gmail.com,*,,
17.01.2026 18:09,18.01.2026,Wengen,SL,Tim,Noel,Mcgrath,Rassat,Kristoffersen,Braathen,,,silvintimothe@gmail.com,*,,
17.01.2026 20:45,18.01.2026,Wengen,SL,Alexis,Haugan,Noel,Mcgrath,Rassat,Hallberg,,,peytavin.alexis@gmail.com,*,,
17.01.2026 21:53,18.01.2026,Wengen,SL,Gianni,Noel,Kristoffersen,Mcgrath,Rassat,Haugan,,,giannigiachino2001@gmail.com,*,,
17.01.2026 21:58,18.01.2026,Wengen,SL,Mingeon,Noel,Rassat,Kristoffersen,Braathen,Mcgrath,,,sam.mingeon@gmail.com,*,,
17.01.2026 23:20,18.01.2026,Wengen,SL,Sam,Kristoffersen,Noel,Mcgrath,Meillard,Rassat,,,sammollaret73@gmail.com,*,,
18.01.2026 02:40,18.01.2026,Wengen,SL,Gerlain,Noel,Mcgrath,Rassat,Haugan,Kristoffersen,,,guerlaingaucher@gmail.com,*,,
18.01.2026 06:07,18.01.2026,Wengen,SL,Nino,Noel,Braathen,Rassat,Kristoffersen,Mcgrath,,,nino28.gal@gmail.com,*,,
18.01.2026 07:33,18.01.2026,Wengen,SL,Lulu,Braathen,Noel,Rassat,Mcgrath,Meillard,,,deski.truchetlucie@gmail.com,*,,
18.01.2026 08:03,18.01.2026,Wengen,SL,Val,Noel,Haugan,Braathen,Mcgrath,Meillard,,,deski.silvinvalentin@gmail.com,*,,
18.01.2026 08:54,18.01.2026,Wengen,SL,Romane,Rassat,Meillard,Noel,Mcgrath,Braathen,,,deski.poccardmarionromane@gmail.com,*,,
18.01.2026 08:55,18.01.2026,Wengen,SL,Francois,Hallberg,Rassat,Noel,Kristoffersen,Braathen,,,deski.poccardmarionromane@gmail.com,*,,
18.01.2026 08:56,18.01.2026,Wengen,SL,Romane,Rassat,Hallberg,Meillard,Noel,Mcgrath,,,deski.poccardmarionromane@gmail.com,*,,
18.01.2026 08:58,18.01.2026,Wengen,SL,Francois,Hallberg,Rassat,Meillard,Noel,Braathen,,,deski.poccardmarionromane@gmail.com,*,,
18.01.2026 09:26,18.01.2026,Wengen,SL,Perrine,Noel,Rassat,Hallberg,Meillard,Kristoffersen,,,perrinec73@gmail.com,*,,
18.01.2026 16:00,27.12.2025,Livigno,SG,Course,,,,,,tg,11:30:00,antoinesilvin1@gmail.com,*,,
18.01.2026 16:01,27.12.2025,Livigno,SG,Resultat,Schwarz,Monney,Von Allmen,Odermatt,Jocher,tg,,antoinesilvin1@gmail.com,*,,
18.01.2026 16:03,07.01.2026,Madona di Campiglio,SL,Course,,,,,,tg,18:00:00,antoinesilvin1@gmail.com,*,,
18.01.2026 16:05,07.01.2026,Madona di Campiglio,SL,Resultat,Noel,Hallberg,Rassat,Braathen,Solberg,tg,,antoinesilvin1@gmail.com,*,,
18.01.2026 16:08,10.01.2026,Adelboden,GS,Course,,,,,,tg,10:30:00,antoinesilvin1@gmail.com,*,,
18.01.2026 16:09,10.01.2026,Adelboden,GS,Resultat,Odermatt,Braathen,Anguenot,Haugan,Kristoffersen,tg,,antoinesilvin1@gmail.com,*,,
18.01.2026 16:10,11.01.2026,Adelboden,SL,Resultat,Rassat,Mcgrath,Kristoffersen,Braathen,Feller,tg,10:30:00,antoinesilvin1@gmail.com,*,,
18.01.2026 16:12,16.01.2026,Wengen,SG,Course,Autre,Babinsky,Von Allmen,Odermatt,Haaser,tg,12:30:00,antoinesilvin1@gmail.com,*,,
18.01.2026 16:15,17.01.2026,Wengen,DH,Course,,,,,,tg,12:30:00,antoinesilvin1@gmail.com,*,,
18.01.2026 16:15,17.01.2026,Wengen,DH,Resultat,Odermatt,Kriechmayr,Franzoni,Von Allmen,Monney,tg,,antoinesilvin1@gmail.com,*,,
18.01.2026 16:18,18.01.2026,Wengen,SL,Course,,,,,,tg,10:00:00,antoinesilvin1@gmail.com,*,,
18.01.2026 16:19,18.01.2026,Wengen,SL,Resultat,Mcgrath,Braathen,Kristoffersen,Meillard,Haugan,tg,,antoinesilvin1@gmail.com,*,,
21.01.2026 22:22,23.01.2026,Kitsbuhel,SG,Alexis,Odermatt,Haaser,Franzoni,Kriechmayr,Von Allmen,,,peytavin.alexis@gmail.com,,,
22.01.2026 08:34,23.01.2026,Kitsbuhel,SG,Louis,Odermatt,Franzoni,Kriechmayr,Von Allmen,Schwarz,,,deski.fleurancelouis@gmail.com,,,
22.01.2026 08:38,24.01.2026,Kitsbuhel,DH,Louis,Odermatt,Von Allmen,Paris,Kriechmayr,Franzoni,,,deski.fleurancelouis@gmail.com,,,
22.01.2026 08:41,25.01.2026,Kitsbuhel,SL,Louis,Noel,Hallberg,Rassat,Haugan,Braathen,,,deski.fleurancelouis@gmail.com,,,
22.01.2026 18:19,23.01.2026,Kitsbuhel,SG,Cyril,Odermatt,Franzoni,Von Allmen,Babinsky,Haaser,,,cyril.peretto@gmail.com,,,
22.01.2026 20:26,23.01.2026,Kitsbuhel,SG,Nino,Odermatt,Kriechmayr,Franzoni,Von Allmen,Allegre,,,nino28.gal@gmail.com,,,
22.01.2026 20:29,22.01.2026,Kitsbuhel,SG,Francois,Franzoni,Kriechmayr,Odermatt,Von Allmen,Allegre,,,francois.poccard-marion@orange.fr,,,
22.01.2026 22:01,23.01.2026,Kitsbuhel,SG,Antoine,Odermatt,Kriechmayr,Franzoni,Von Allmen,Monney,,,antoinesilvin1@gmail.com,,,
22.01.2026 23:25,23.01.2026,Kitsbuhel,SG,Tim,Odermatt,Von Allmen,Franzoni,Haaser,Kriechmayr,,,silvintimothe@gmail.com,,,
22.01.2026 23:26,23.01.2026,Kitsbuhel,SG,Lulu,Odermatt,Haaser,Von Allmen,Rogentin,Cameron,,,deski.truchetlucie@gmail.com,,,
22.01.2026 23:27,23.01.2026,Kitsbuhel,SG,Sam,Odermatt,Kriechmayr,Von Allmen,Allegre,Chchran-seigle,,,sammollaret73@gmail.com,,,
22.01.2026 23:30,23.01.2026,Kitsbuhel,SG,Val,Odermatt,Kriechmayr,Franzoni,Von Allmen,Schwarz,,,deski.silvinvalentin@gmail.com,,,
22.01.2026 23:38,23.01.2026,Kitsbuhel,SG,Val,Odermatt,Von Allmen,Franzoni,Kriechmayr,Monney,,,deski.silvinvalentin@gmail.com,,,
22.01.2026 23:39,23.01.2026,Kitsbuhel,SG,Elo,Odermatt,Franzoni,Kriechmayr,Von Allmen,Haaser,,,eloise.lagarde38@gmail.com,,,
23.01.2026 00:14,23.01.2026,Kitsbuhel,SG,Gerlain,Odermatt,Franzoni,Von Allmen,Babinsky,Haaser,,,guerlaingaucher@gmail.com,,,
23.01.2026 08:40,23.01.2026,Kitsbuhel,SG,Romane,Odermatt,Franzoni,Von Allmen,Haaser,Cameron,,,deski.poccardmarionromane@gmail.com,,,
23.01.2026 10:33,23.01.2026,Kitsbuhel,SG,Perrine,Franzoni,Odermatt,Kriechmayr,Allegre,Von Allmen,,,perrinec73@gmail.com,,,
23.01.2026 10:40,23.01.2026,Kitsbuhel,SG,Gianni,Odermatt,Kriechmayr,Franzoni,Von Allmen,Monney,,,giannigiachino2001@gmail.com,,,
23.01.2026 11:06,23.01.2026,Kitsbuhel,SG,Nino,Odermatt,Kriechmayr,Franzoni,Von Allmen,Haaser,,,nino28.gal@gmail.com,,,
23.01.2026 18:38,24.01.2026,Kitsbuhel,DH,Adrien,Odermatt,Von Allmen,Franzoni,Kriechmayr,Monney,,,athorey@gmail.com,,,
23.01.2026 18:40,25.01.2026,Kitsbuhel,SL,Adrien,Braathen,Noel,Mcgrath,Meillard,Kristoffersen,,,athorey@gmail.com,,,
23.01.2026 18:50,24.01.2026,Kitsbuhel,DH,Mingeon,Odermatt,Von Allmen,Kriechmayr,Franzoni,Paris,,,sam.mingeon@gmail.com,,,
23.01.2026 18:58,24.01.2026,Kitsbuhel,DH,Marius,Odermatt,Kriechmayr,Rogentin,Monney,Haaser,,,mariusvieillemarchiset@gmail.com,,,
23.01.2026 20:21,24.01.2026,Kitsbuhel,DH,Gerlain,Von Allmen,Paris,Odermatt,Kriechmayr,Autre,Muzaton ,,guerlaingaucher@gmail.com,,,
23.01.2026 20:49,24.01.2026,Kitsbuhel,DH,Tim,Odermatt,Von Allmen,Franzoni,Kriechmayr,Paris,,,silvintimothe@gmail.com,,,
23.01.2026 21:30,24.01.2026,Kitsbuhel,DH,Perrine,Von Allmen,Paris,Odermatt,Sejersted,Babinsky,,,perrinec73@gmail.com,,,
23.01.2026 21:31,24.01.2026,Kitsbuhel,DH,Sam,Von Allmen,Odermatt,Paris,Casse,Babinsky,,,sammollaret73@gmail.com,,,
23.01.2026 21:34,24.01.2026,Kitsbuhel,DH,Mateo,Odermatt,Von Allmen,Paris,Kriechmayr,Crawford,,,mateomollaret73@gmail.com,,,
23.01.2026 22:01,24.01.2026,Kitsbuhel,DH,Val,Odermatt,Von Allmen,Paris,Kriechmayr,Sejersted,,,deski.silvinvalentin@gmail.com,,,
23.01.2026 22:05,24.01.2026,Kitsbuhel,DH,Elo,Odermatt,Von Allmen,Franzoni,Babinsky,Sejersted,,,eloise.lagarde38@gmail.com,,,
23.01.2026 23:23,24.01.2026,Kitsbuhel,DH,Alexis,Von Allmen,Odermatt,Franzoni,Babinsky,Sejersted,,,peytavin.alexis@gmail.com,,,
23.01.2026 23:26,25.01.2026,Kitsbuhel,SL,Alexis,Mcgrath,Noel,Braathen,Kristoffersen,Rassat,,,peytavin.alexis@gmail.com,,,
24.01.2026 06:59,24.01.2026,Kitsbuhel,DH,Francois,Von Allmen,Odermatt,Kriechmayr,Paris,Sejersted,Alphan nils,,francois.poccard-marion@orange.fr,,,
24.01.2026 07:27,24.01.2026,Kitsbuhel,DH,Lulu,Odermatt,Von Allmen,Kriechmayr,Monney,Allegre,,,deski.truchetlucie@gmail.com,,,
24.01.2026 07:49,24.01.2026,Kitsbuhel,DH,Gianni,Odermatt,Von Allmen,Kriechmayr,Franzoni,Paris,,,giannigiachino2001@gmail.com,,,
24.01.2026 09:16,24.01.2026,Kitsbuhel,DH,Nino,Odermatt,Von Allmen,Kriechmayr,Monney,Paris,,,nino28.gal@gmail.com,,,
24.01.2026 09:41,24.01.2026,Kitsbuhel,DH,Romane,Odermatt,Cameron,Von Allmen,Allegre,Kriechmayr,,,deski.poccardmarionromane@gmail.com,,,
24.01.2026 11:09,24.01.2026,Kitsbuhel,DH,Antoine,Odermatt,Von Allmen,Haaser,Babinsky,Monney,,,antoinesilvin1@gmail.com,,,
24.01.2026 11:12,24.01.2026,Kitsbuhel,DH,Cyril,Odermatt,Von Allmen,Paris,Babinsky,Haaser,,,cyril.peretto@gmail.com,,,
24.01.2026 11:13,25.01.2026,Kitsbuhel,SL,Cyril,Rassat,Noel,Mcgrath,Kristoffersen,Braathen,,,cyril.peretto@gmail.com,,,
24.01.2026 19:58,25.01.2026,Kitsbuhel,SL,Tim,Noel,Mcgrath,Rassat,Braathen,Kristoffersen,,,silvintimothe@gmail.com,,,
24.01.2026 19:58,25.01.2026,Kitsbuhel,SL,Lulu,Rassat,Mcgrath,Noel,Braathen,Kristoffersen,,,deski.truchetlucie@gmail.com,,,
24.01.2026 22:27,25.01.2026,Kitsbuhel,SL,Elo,Braathen,Kristoffersen,Noel,Mcgrath,Haugan,,,eloise.lagarde38@gmail.com,,,
24.01.2026 23:36,25.01.2026,Kitsbuhel,SL,Nino,Noel,Mcgrath,Braathen,Kristoffersen,Rassat,,,nino28.gal@gmail.com,,,
25.01.2026 00:11,25.01.2026,Kitsbuhel,SL,Val,Noel,Mcgrath,Braathen,Haugan,Rassat,,,deski.silvinvalentin@gmail.com,,,
25.01.2026 01:54,25.01.2026,Kitsbuhel,SL,Mingeon,Noel,Mcgrath,Kristoffersen,Rassat,Haugan,,,sam.mingeon@gmail.com,,,
25.01.2026 07:36,25.01.2026,Kitsbuhel,SL,Sam,Braathen,Noel,Kristoffersen,Rassat,Haugan,,,sammollaret73@gmail.com,,,
25.01.2026 08:23,25.01.2026,Kitsbuhel,SL,Perrine,Haugan,Mcgrath,Rassat,Hallberg,Kristoffersen,,,perrinec73@gmail.com,,,
25.01.2026 08:27,25.01.2026,Kitsbuhel,SL,Francois,Rassat,Braathen,Noel,Kristoffersen,Mcgrath,,,francois.poccard-marion@orange.fr,,,
25.01.2026 08:59,25.01.2026,Kitsbuhel,SL,Gianni,Noel,Haugan,Braathen,Kristoffersen,Mcgrath,,,giannigiachino2001@gmail.com,,,
25.01.2026 09:41,25.01.2026,Kitsbuhel,SL,Romane,Rassat,Mcgrath,Hallberg,Noel,Braathen,,,deski.poccardmarionromane@gmail.com,,,
25.01.2026 09:42,25.01.2026,Kitsbuhel,SL,Francois,Rassat,Hallberg,Amiez,Braathen,Noel,,,deski.poccardmarionromane@gmail.com,,,
25.01.2026 10:16,25.01.2026,Kitsbuhel,SL,Gerlain,Mcgrath,Braathen,Noel,Rassat,Vinatzer,,,guerlaingaucher@gmail.com,,,
26.01.2026 17:01,27.01.2026,Schladming,SG,Marius,Odermatt,Mcgrath,Kristoffersen,Meillard,Braathen,,,mariusvieillemarchiset@gmail.com,,,
26.01.2026 18:26,27.01.2026,Schladming,GS,Tim,Odermatt,Meillard,Brennsteiner,Kristoffersen,Braathen,,,silvintimothe@gmail.com,,,
26.01.2026 20:19,27.01.2026,Schladming,GS,Alexis,Odermatt,Braathen,Meillard,Brennsteiner,Anguenot,,,peytavin.alexis@gmail.com,,,
26.01.2026 20:21,28.01.2026,Schladming,SL,Alexis,Braathen,Feller,Mcgrath,Hallberg,Haugan,,,peytavin.alexis@gmail.com,,,
26.01.2026 21:17,27.01.2026,Schladming,GS,Adrien,Odermatt,Braathen,Brennsteiner,Kristoffersen,Meillard,,,athorey@gmail.com,,,
26.01.2026 21:19,28.01.2026,Schladming,SL,Adrien,Noel,Braathen,Mcgrath,Rassat,Haugan,,,athorey@gmail.com,,,
26.01.2026 21:52,27.01.2026,Schladming,GS,Mingeon,Odermatt,Meillard,Kristoffersen,Braathen,Brennsteiner,,,sam.mingeon@gmail.com,,,
26.01.2026 22:08,27.01.2026,Schladming,GS,Val,Odermatt,Braathen,Kristoffersen,Brennsteiner,Meillard,,,deski.silvinvalentin@gmail.com,,,
26.01.2026 22:09,27.01.2026,Schladming,GS,Nino,Odermatt,Braathen,Brennsteiner,Meillard,Schwarz,,,nino28.gal@gmail.com,,,
27.01.2026 07:47,27.01.2026,Schladming,GS,Sam,Odermatt,Braathen,Anguenot,Kristoffersen,Meillard,,,sammollaret73@gmail.com,,,
27.01.2026 07:48,28.01.2026,Schladming,SL,Sam,Noel,Braathen,Kristoffersen,Rassat,Hallberg,,,sammollaret73@gmail.com,,,
27.01.2026 08:37,27.01.2026,Schladming,GS,Louis,Odermatt,Brennsteiner,Kristoffersen,Braathen,Schwarz,,,deski.fleurancelouis@gmail.com,,,
27.01.2026 08:43,28.01.2026,Adelboden,SL,Louis,Noel,Mcgrath,Rassat,Haugan,Hallberg,,,deski.fleurancelouis@gmail.com,,,
27.01.2026 12:41,27.01.2026,Schladming,GS,Gerlain,Odermatt,Braathen,Brennsteiner,Kristoffersen,Meillard,,,guerlaingaucher@gmail.com,,,
27.01.2026 15:19,27.01.2026,Schladming,GS,Gerlain,Odermatt,Braathen,Meillard,Haugan,Schwarz,,,guerlaingaucher@gmail.com,,,
27.01.2026 15:23,27.01.2026,Schladming,GS,Elo,Odermatt,Meillard,Braathen,Haugan,Kristoffersen,,,eloise.lagarde38@gmail.com,,,
27.01.2026 15:49,27.01.2026,Schladming,GS,Francois,Brennsteiner,Odermatt,Braathen,Schwarz,Pinturault,,,francois.poccard-marion@orange.fr,,,
27.01.2026 15:54,27.01.2026,Schladming,GS,Romane,Odermatt,Meillard,Braathen,Anguenot,Kristoffersen,,,deski.poccardmarionromane@gmail.com,,,
27.01.2026 16:03,27.01.2026,Schladming,GS,Gerlain,Odermatt,Haugan,Braathen,Meillard,Schwarz,,,guerlaingaucher@gmail.com,,,
27.01.2026 16:47,27.01.2026,Schladming,GS,Lulu,Odermatt,Braathen,Mcgrath,Kristoffersen,Brennsteiner,,,deski.truchetlucie@gmail.com,,,
27.01.2026 16:47,27.01.2026,Schladming,GS,Cyril,Odermatt,Kristoffersen,Brennsteiner,Mcgrath,Braathen,,,deski.truchetlucie@gmail.com,,,
27.01.2026 16:50,27.01.2026,Schladming,GS,Mateo,Odermatt,Braathen,Meillard,Kristoffersen,Tumler,,,mateomollaret73@gmail.com,,,
27.01.2026 16:56,27.01.2026,Schladming,GS,Gianni,Odermatt,Mcgrath,Kristoffersen,Brennsteiner,Meillard,,,giannigiachino2001@gmail.com,,,
27.01.2026 17:13,27.01.2026,Schladming,GS,Antoine,Odermatt,Kristoffersen,Braathen,Meillard,Schwarz,,,antoinesilvin1@gmail.com,,,
27.01.2026 17:18,28.01.2026,Schladming,SL,Mateo,Feller,Noel,Rassat,Braathen,Mcgrath,,,mateomollaret73@gmail.com,,,
27.01.2026 17:43,27.01.2026,Schladming,GS,Perrine,Odermatt,Meillard,Braathen,Schwarz,Kristoffersen,,,perrinec73@gmail.com,,,
28.01.2026 07:34,28.01.2026,Schladming,SL,Tim,Noel,Meillard,Braathen,Haugan,Hallberg,,,silvintimothe@gmail.com,,,
28.01.2026 07:38,28.01.2026,Schladming,SL,Cyril,Haugan,Noel,Braathen,Meillard,Mcgrath,,,cyril.peretto@gmail.com,,,
28.01.2026 09:39,28.01.2026,Schladming,SL,Nino,Noel,Braathen,Mcgrath,Feller,Meillard,,,nino28.gal@gmail.com,,,
28.01.2026 09:58,28.01.2026,Schladming,SL,Elo,Noel,Meillard,Braathen,Mcgrath,Muffat-jeandet,,,eloise.lagarde38@gmail.com,,,
28.01.2026 12:51,28.01.2026,Schladming,SL,Antoine,Meillard,Braathen,Noel,Mcgrath,Hallberg,,,antoinesilvin1@gmail.com,,,
28.01.2026 13:59,28.01.2026,Schladming,SL,Lulu,Braathen,Noel,Meillard,Rassat,Mcgrath,,,deski.truchetlucie@gmail.com,,,
28.01.2026 15:47,28.01.2026,Schladming,SL,Francois,Meillard,Rassat,Feller,Noel,Braathen,,,francois.poccard-marion@orange.fr,,,
28.01.2026 15:59,28.01.2026,Schladming,SL,Marius,Noel,Meillard,Mcgrath,Kristoffersen,Braathen,,,mariusvieillemarchiset@gmail.com,,,
28.01.2026 16:58,28.01.2026,Schladming,SL,Romane,Rassat,Meillard,Haugan,Braathen,Noel,,,deski.poccardmarionromane@gmail.com,,,
28.01.2026 16:59,28.01.2026,Schladming,SL,Gianni,Braathen,Mcgrath,Noel,Meillard,Hallberg,,,giannigiachino2001@gmail.com,,,
28.01.2026 17:25,28.01.2026,Schladming,SL,Gerlain,Meillard,Haugan,Hallberg,Noel,Strasser,,,guerlaingaucher@gmail.com,,,
28.01.2026 17:39,28.01.2026,Schladming,SL,Perrine,Meillard,Noel,Mcgrath,Hallberg,Amiez,,,perrinec73@gmail.com,,,
31.01.2026 10:39,01.02.2026,Crans Montana,DH,Adrien,Odermatt,Von Allmen,Franzoni,Kriechmayr,Allegre,,,athorey@gmail.com,,,
31.01.2026 17:34,01.02.2026,Crans Montana,DH,Nino,Odermatt,Von Allmen,Franzoni,Paris,Allegre,,,nino28.gal@gmail.com,,,
31.01.2026 19:40,01.02.2026,Crans Montana,DH,Alexis,Odermatt,Franzoni,Von Allmen,Kriechmayr,Allegre,,,peytavin.alexis@gmail.com,,,
31.01.2026 20:14,01.02.2026,Crans Montana,DH,Val,Odermatt,Von Allmen,Franzoni,Kriechmayr,Monney,,,deski.silvinvalentin@gmail.com,,,
31.01.2026 20:15,01.02.2026,Crans Montana,DH,Mingeon,Odermatt,Franzoni,Von Allmen,Allegre,Monney,,,sam.mingeon@gmail.com,,,
31.01.2026 21:30,01.02.2026,Crans Montana,DH,Gerlain,Odermatt,Franzoni,Von Allmen,Paris,Allegre,,,guerlaingaucher@gmail.com,,,
31.01.2026 22:44,01.02.2026,Crans Montana,DH,Elo,Odermatt,Franzoni,Von Allmen,Paris,Allegre,,,eloise.lagarde38@gmail.com,,,
31.01.2026 23:40,01.02.2026,Crans Montana,DH,Gianni,Odermatt,Franzoni,Von Allmen,Allegre,Casse,,,giannigiachino2001@gmail.com,,,
01.02.2026 06:56,01.02.2026,Crans Montana,DH,Francois,Odermatt,Franzoni,Von Allmen,Allegre,Casse,,,francois.poccard-marion@orange.fr,,,
01.02.2026 08:44,01.02.2026,Crans Montana,DH,Mateo,Odermatt,Von Allmen,Franzoni,Monney,Murisier,,,mateomollaret73@gmail.com,,,
01.02.2026 09:33,01.02.2026,Crans Montana,DH,Romane,Odermatt,Franzoni,Allegre,Cameron,Von Allmen,,,deski.poccardmarionromane@gmail.com,,,
01.02.2026 09:46,01.02.2026,Crans Montana,DH,Sam,Odermatt,Franzoni,Monney,Von Allmen,Casse,,,sammollaret73@gmail.com,,,
01.02.2026 10:00,01.02.2026,Crans Montana,DH,Marius,Odermatt,Franzoni,Von Allmen,Rogentin,Kriechmayr,,,mariusvieillemarchiset@gmail.com,,,
01.02.2026 11:35,01.02.2026,Crans Montana,DH,Tim,Odermatt,Franzoni,Von Allmen,Kriechmayr,Monney,,,silvintimothe@gmail.com,,,
06.02.2026 16:48,07.02.2026,Milano-Cortina,DH,Sam,Franzoni,Odermatt,Von Allmen,Autre,Monney,Elezzi canaferina ,,sammollaret73@gmail.com,,,
06.02.2026 17:20,07.02.2026,Milano-Cortina,DH,Romane,Odermatt,Franzoni,Von Allmen,Cameron,Allegre,,,deski.poccardmarionromane@gmail.com,,,
06.02.2026 19:11,07.02.2026,Milano-Cortina,DH,Nino,Odermatt,Franzoni,Von Allmen,Paris,Casse,,,nino28.gal@gmail.com,,,
06.02.2026 20:22,07.02.2026,Milano-Cortina,DH,Mateo,Franzoni,Odermatt,Paris,Von Allmen,Kriechmayr,,,mateomollaret73@gmail.com,,,
06.02.2026 20:27,07.02.2026,Milano-Cortina,DH,Tim,Odermatt,Franzoni,Von Allmen,Paris,Allegre,,,silvintimothe@gmail.com,,,
06.02.2026 20:28,07.02.2026,Milano-Cortina,DH,Lulu,Franzoni,Odermatt,Von Allmen,Paris,Autre,Alban Elezi Cannaferina,,deski.truchetlucie@gmail.com,,,
06.02.2026 23:34,07.02.2026,Milano-Cortina,DH,Val,Odermatt,Von Allmen,Franzoni,Paris,Kriechmayr,,,deski.silvinvalentin@gmail.com,,,
06.02.2026 23:43,07.02.2026,Milano-Cortina,DH,Gerlain,Franzoni,Odermatt,Chchran-seigle,Von Allmen,Paris,,,guerlaingaucher@gmail.com,,,
07.02.2026 08:01,07.02.2026,Milano-Cortina,DH,Elo,Franzoni,Von Allmen,Odermatt,Paris,Allegre,,,eloise.lagarde38@gmail.com,,,
07.02.2026 08:05,07.02.2026,Milano-Cortina,DH,Gianni,Odermatt,Von Allmen,Franzoni,Allegre,Paris,,,giannigiachino2001@gmail.com,,,
07.02.2026 08:26,07.02.2026,Milano-Cortina,DH,Antoine,Odermatt,Franzoni,Von Allmen,Paris,Allegre,,,antoinesilvin1@gmail.com,,,
07.02.2026 08:39,07.02.2026,Milano-Cortina,DH,Mingeon,Odermatt,Von Allmen,Paris,Franzoni,Allegre,,,sam.mingeon@gmail.com,,,
07.02.2026 10:28,07.02.2026,Milano-Cortina,DH,Marius,Monney,Franzoni,Odermatt,Chchran-seigle,Paris,,,mariusvieillemarchiset@gmail.com,,,
07.02.2026 10:43,07.02.2026,Milano-Cortina,DH,Francois,Franzoni,Von Allmen,Paris,Odermatt,Allegre,,,francois.poccard-marion@orange.fr,,,
07.02.2026 11:15,07.02.2026,Milano-Cortina,DH,Francois,Von Allmen,Paris,Odermatt,Allegre,Franzoni,,,francois.poccard-marion@orange.fr,,,
10.02.2026 13:10,11.02.2026,Milano-Cortina,SG,Cyril,Odermatt,Franzoni,Von Allmen,Babinsky,Haaser,,,cyril.peretto@gmail.com,,,
10.02.2026 13:12,14.02.2026,Milano-Cortina,GS,Cyril,Odermatt,Meillard,Braathen,Brennsteiner,Kristoffersen,,,cyril.peretto@gmail.com,,,
10.02.2026 13:16,16.02.2026,Milano-Cortina,SL,Cyril,Rassat,Noel,Haugan,Braathen,Mcgrath,,,cyril.peretto@gmail.com,,,
10.02.2026 19:02,11.02.2026,Milano-Cortina,SG,Tim,Odermatt,Von Allmen,Franzoni,Monney,Kriechmayr,,,silvintimothe@gmail.com,,,
10.02.2026 19:23,11.02.2026,Milano-Cortina,SG,Alexis,Odermatt,Franzoni,Von Allmen,Haaser,Babinsky,,,peytavin.alexis@gmail.com,,,
10.02.2026 19:42,11.02.2026,Milano-Cortina,SG,Nino,Odermatt,Von Allmen,Haaser,Babinsky,Franzoni,,,nino28.gal@gmail.com,,,
10.02.2026 20:12,11.02.2025,Milano-Cortina,SG,Mateo,Odermatt,Franzoni,Haaser,Allegre,Kriechmayr,,,mateomollaret73@gmail.com,,,
10.02.2026 21:06,11.02.2026,Milano-Cortina,SG,Mingeon,Odermatt,Von Allmen,Franzoni,Haaser,Allegre,,,sam.mingeon@gmail.com,,,
10.02.2026 22:26,11.02.2026,Milano-Cortina,SG,Val,Odermatt,Franzoni,Von Allmen,Kriechmayr,Allegre,,,deski.silvinvalentin@gmail.com,,,
10.02.2026 22:54,11.02.2026,Milano-Cortina,SG,Elo,Odermatt,Von Allmen,Franzoni,Kriechmayr,Babinsky,,,eloise.lagarde38@gmail.com,,,
11.02.2026 08:14,11.02.2026,Milano-Cortina,SG,Adrien,Odermatt,Kriechmayr,Von Allmen,Franzoni,Paris,,,athorey@gmail.com,,,
11.02.2026 08:16,11.02.2026,Milano-Cortina,SG,Lulu,Odermatt,Kriechmayr,Von Allmen,Haaser,Allegre,,,deski.truchetlucie@gmail.com,,,
11.02.2026 08:26,11.02.2026,Milano-Cortina,SG,Romane,Odermatt,Franzoni,Allegre,Casse,Von Allmen,,,deski.poccardmarionromane@gmail.com,,,
11.02.2026 08:29,11.02.2026,Milano-Cortina,SG,Gerlain,Franzoni,Monney,Von Allmen,Odermatt,Paris,,,guerlaingaucher@gmail.com,,,
11.02.2026 08:53,11.02.2026,Milano-Cortina,SG,Sam,Odermatt,Franzoni,Allegre,Babinsky,Kriechmayr,,,sammollaret73@gmail.com,,,
11.02.2026 09:06,11.02.2026,Milano-Cortina,SG,Francois,Odermatt,Franzoni,Haaser,Allegre,Casse,,,francois.poccard-marion@orange.fr,,,
11.02.2026 09:20,11.02.2026,Milano-Cortina,SG,Gianni,Odermatt,Von Allmen,Franzoni,Monney,Haaser,,,giannigiachino2001@gmail.com,,,
11.02.2026 11:08,11.02.2026,Milano-Cortina,SG,Louis,Odermatt,Von Allmen,Schwarz,Paris,Franzoni,,,deski.fleurancelouis@gmail.com,,,
11.02.2026 11:26,11.02.2026,Milano-Cortina,SG,Perrine,Von Allmen,Odermatt,Franzoni,Kriechmayr,Allegre,,,perrinec73@gmail.com,,,
13.02.2026 18:44,14.02.2026,Milano-Cortina,GS,Adrien,Odermatt,Kristoffersen,Meillard,Mcgrath,Schwarz,,,athorey@gmail.com,,,
13.02.2026 19:38,14.02.2026,Milano-Cortina,GS,Tim,Odermatt,Braathen,Meillard,Brennsteiner,Kristoffersen,,,silvintimothe@gmail.com,,,
13.02.2026 20:32,14.02.2026,Milano-Cortina,GS,Val,Odermatt,Braathen,Meillard,Haugan,Anguenot,,,deski.silvinvalentin@gmail.com,,,
13.02.2026 20:33,14.02.2026,Milano-Cortina,GS,Antoine,Odermatt,Braathen,Kristoffersen,Meillard,Mcgrath,,,antoinesilvin1@gmail.com,,,
13.02.2026 20:33,14.02.2026,Milano-Cortina,GS,Mateo,Braathen,Odermatt,Brennsteiner,Kristoffersen,Anguenot,,,mateomollaret73@gmail.com,,,
13.02.2026 21:05,14.02.2026,Milano-Cortina,GS,Elo,Kristoffersen,Odermatt,Meillard,Kranjec,Brennsteiner,,,eloise.lagarde38@gmail.com,,,
13.02.2026 21:08,14.02.2026,Milano-Cortina,GS,Nino,Odermatt,Braathen,Meillard,Kristoffersen,Mcgrath,,,nino28.gal@gmail.com,,,
13.02.2026 21:41,14.02.2026,Milano-Cortina,GS,Sam,Odermatt,Braathen,Kristoffersen,Meillard,Autre,Elezzi canaferia,,sammollaret73@gmail.com,,,
14.02.2026 01:15,14.02.2026,Milano-Cortina,GS,Gianni,Odermatt,Kristoffersen,Mcgrath,Braathen,Meillard,,,giannigiachino2001@gmail.com,,,
14.02.2026 06:37,14.02.2026,Milano-Cortina,GS,Louis,Odermatt,Braathen,Meillard,Mcgrath,Anguenot,,,deski.fleurancelouis@gmail.com,,,
14.02.2026 07:41,14.02.2026,Milano-Cortina,GS,Francois,Meillard,Odermatt,Kristoffersen,Brennsteiner,Anguenot,,,francois.poccard-marion@orange.fr,,,
14.02.2026 09:29,14.02.2026,Milano-Cortina,GS,Romane,Odermatt,Meillard,Braathen,Anguenot,Kristoffersen,,,deski.poccardmarionromane@gmail.com,,,
14.02.2026 09:31,14.02.2026,Milano-Cortina,GS,Alix,Odermatt,Schwarz,Braathen,Brennsteiner,Mcgrath,,10:00:00,deski.richermozalix@gmail.com,,,
14.02.2026 09:33,14.02.2026,Milano-Cortina,GS,Lulu,Odermatt,Mcgrath,Braathen,Kristoffersen,Meillard,,,deski.truchetlucie@gmail.com,,,
14.02.2026 09:38,14.02.2026,Milano-Cortina,GS,Gerlain,Braathen,Odermatt,Meillard,Brennsteiner,Schwarz,,,guerlaingaucher@gmail.com,,,
14.02.2026 09:46,14.02.2026,Milano-Cortina,GS,Alexis,Odermatt,Braathen,Meillard,Kristoffersen,Brennsteiner,,,peytavin.alexis@gmail.com,,,
14.02.2026 09:56,14.02.2026,Milano-Cortina,GS,Gerlain,Braathen,Odermatt,Mcgrath,Meillard,Kristoffersen,,,guerlaingaucher@gmail.com,,,
15.02.2026 11:09,16.02.2026,Milano-Cortina,SL,Louis,Rassat,Braathen,Noel,Mcgrath,Meillard,,,deski.fleurancelouis@gmail.com,,,
15.02.2026 21:42,16.02.2026,Milano-Cortina,SL,Nino,Noel,Braathen,Mcgrath,Kristoffersen,Meillard,,,nino28.gal@gmail.com,,,
15.02.2026 21:43,16.02.2026,Milano-Cortina,SL,Tim,Noel,Braathen,Meillard,Mcgrath,Kristoffersen,,,silvintimothe@gmail.com,,,
15.02.2026 21:44,16.02.2026,Milano-Cortina,SL,Mingeon,Noel,Braathen,Meillard,Mcgrath,Kristoffersen,,,sam.mingeon@gmail.com,,,
15.02.2026 21:44,16.02.2026,Milano-Cortina,SL,Lulu,Meillard,Braathen,Noel,Mcgrath,Rassat,,,deski.truchetlucie@gmail.com,,,
15.02.2026 21:59,16.02.2026,Milano-Cortina,SL,Marius,Noel,Braathen,Meillard,Mcgrath,Rassat,,,mariusvieillemarchiset@gmail.com,,,
15.02.2026 22:00,16.02.2026,Milano-Cortina,SL,Gianni,Braathen,Noel,Mcgrath,Kristoffersen,Rassat,,,giannigiachino2001@gmail.com,,,
15.02.2026 22:38,16.02.2026,Milano-Cortina,SL,Mateo,Noel,Braathen,Kristoffersen,Mcgrath,Meillard,,,mateomollaret73@gmail.com,,,
15.02.2026 22:40,16.02.2026,Milano-Cortina,SL,Antoine,Kristoffersen,Mcgrath,Braathen,Meillard,Rassat,,,mateomollaret73@gmail.com,,,
15.02.2026 22:50,16.02.2026,Milano-Cortina,SL,Alexis,Noel,Mcgrath,Rassat,Braathen,Feller,,,peytavin.alexis@gmail.com,,,
15.02.2026 22:54,16.02.2026,Milano-Cortina,SL,Gerlain,Mcgrath,Hallberg,Rassat,Autre,Noel,Marchant,,guerlaingaucher@gmail.com,,,
15.02.2026 23:29,16.02.2026,Milano-Cortina,SL,Perrine,Hallberg,Noel,Mcgrath,Meillard,Feller,,,perrinec73@gmail.com,,,
16.02.2026 07:27,16.02.2026,Milano-Cortina,SL,Adrien,Mcgrath,Noel,Braathen,Meillard,Haugan,,,athorey@gmail.com,,,
16.02.2026 09:40,16.02.2026,Milano-Cortina,SL,Francois,Noel,Mcgrath,Rassat,Braathen,Hallberg,,,francois.poccard-marion@orange.fr,,,
27.02.2026 12:48,28.02.2026,Garmish,DH,Tim,Odermatt,Franzoni,Von Allmen,Allegre,Monney,,,silvintimothe@gmail.com,,,
27.02.2026 18:13,28.02.2026,Garmish,DH,Elo,Von Allmen,Odermatt,Franzoni,Allegre,Paris,,,eloise.lagarde38@gmail.com,,,
27.02.2026 18:17,01.03.2026,Garmish,SG,Elo,Odermatt,Von Allmen,Chchran-seigle,Paris,Monney,,,eloise.lagarde38@gmail.com,,,
27.02.2026 19:49,28.02.2026,Garmish,DH,Adrien,Von Allmen,Odermatt,Franzoni,Paris,Kriechmayr,,,athorey@gmail.com,,,
27.02.2026 19:50,01.03.2026,Garmish,SG,Adrien,Odermatt,Von Allmen,Franzoni,Kriechmayr,Haaser,,,athorey@gmail.com,,,
27.02.2026 20:27,28.02.2026,Garmish,DH,Mingeon,Von Allmen,Franzoni,Odermatt,Allegre,Paris,,,sam.mingeon@gmail.com,,,
27.02.2026 21:03,28.02.2026,Garmish,DH,Nino,Odermatt,Von Allmen,Franzoni,Paris,Casse,,,nino28.gal@gmail.com,,,
27.02.2026 21:27,28.02.2026,Garmish,DH,Alexis,Franzoni,Von Allmen,Odermatt,Chchran-seigle,Allegre,,,peytavin.alexis@gmail.com,,,
28.02.2026 07:32,28.02.2026,Garmish,DH,Lulu,Odermatt,Franzoni,Von Allmen,Moeller,Gral Monsen,,,deski.truchetlucie@gmail.com,,,
28.02.2026 08:43,28.02.2026,Schladming,DH,Francois,Von Allmen,Allegre,Franzoni,Odermatt,Paris,,,francois.poccard-marion@orange.fr,,,
28.02.2026 10:12,28.02.2026,Garmish,DH,Romane,Franzoni,Allegre,Von Allmen,Odermatt,Casse,,,deski.poccardmarionromane@gmail.com,,,
28.02.2026 10:19,28.02.2026,Garmish,DH,Sam,Franzoni,Von Allmen,Odermatt,Paris,Monney,,,sammollaret73@gmail.com,,,
28.02.2026 10:27,28.02.2026,Garmish,DH,Gerlain,Von Allmen,Franzoni,Chchran-seigle,Allegre,Odermatt,,,guerlaingaucher@gmail.com,,,
28.02.2026 11:39,28.02.2026,Garmish,DH,Gianni,Odermatt,Von Allmen,Franzoni,Rogentin,Paris,,,giannigiachino2001@gmail.com,,,
28.02.2026 14:10,01.03.2026,Garmish,SG,Cyril,Odermatt,Von Allmen,Franzoni,Kriechmayr,Haaser,,,cyril.peretto@gmail.com,,,
28.02.2026 15:15,01.03.2026,Garmish,SG,Val,Odermatt,Von Allmen,Franzoni,Allegre,Kriechmayr,,,sammollaret73@gmail.com,,,
28.02.2026 15:16,01.03.2026,Garmish,SG,Sam,Odermatt,Von Allmen,Rogentin,Kristoffersen,Allegre,,,sammollaret73@gmail.com,,,
28.02.2026 19:30,01.03.2026,Garmish,SG,Mateo,Odermatt,Allegre,Franzoni,Kriechmayr,Murisier,,,mateomollaret73@gmail.com,,,
28.02.2026 21:24,01.03.2026,Garmish,SG,Nino,Odermatt,Von Allmen,Haaser,Kriechmayr,Franzoni,,,nino28.gal@gmail.com,,,
28.02.2026 21:39,01.03.2026,Garmish,SG,Gianni,Odermatt,Von Allmen,Kriechmayr,Allegre,Crawford,,,giannigiachino2001@gmail.com,,,
28.02.2026 22:56,01.03.2026,Garmish,SG,Alexis,Odermatt,Kriechmayr,Rogentin,Franzoni,Von Allmen,,,peytavin.alexis@gmail.com,,,
01.03.2026 07:28,01.03.2026,Garmish,SG,Tim,Odermatt,Kriechmayr,Franzoni,Von Allmen,Haaser,,,silvintimothe@gmail.com,,,
01.03.2026 08:45,01.03.2026,Garmish,SG,Louis,Odermatt,Kriechmayr,Babinsky,Franzoni,Haaser,,,deski.fleurancelouis@gmail.com,,,
01.03.2026 10:13,01.03.2026,Schladming,SG,Francois,Odermatt,Allegre,Rogentin,Kriechmayr,Murisier,,,francois.poccard-marion@orange.fr,,,
01.03.2026 10:13,01.03.2026,Garmish,SG,Romane,Odermatt,Von Allmen,Allegre,Franzoni,Monney,,,deski.poccardmarionromane@gmail.com,,,
01.03.2026 11:15,01.03.2026,Garmish,SG,Tim,Odermatt,Kriechmayr,Von Allmen,Franzoni,Haaser,,,silvintimothe@gmail.com,,,
01.03.2026 11:30,01.03.2026,Garmish,SG,Gerlain,Odermatt,Von Allmen,Allegre,Kriechmayr,Franzoni,,,guerlaingaucher@gmail.com,,,
01.03.2026 12:20,01.03.2026,Garmish,SG,Lulu,Odermatt,Von Allmen,Haaser,Murisier,Allegre,,,deski.truchetlucie@gmail.com,,,
05.03.2026 22:30,07.03.2026,Kranjska Gora,GS,Alexis,Odermatt,Braathen,Meillard,Brennsteiner,Anguenot,,,peytavin.alexis@gmail.com,,,
05.03.2026 22:31,08.03.2026,Kranjska Gora,SL,Alexis,Meillard,Noel,Mcgrath,Kristoffersen,Rassat,,,peytavin.alexis@gmail.com,,,
06.03.2026 17:45,07.03.2026,Kranjska Gora,GS,Mingeon,Odermatt,Braathen,Kristoffersen,Mcgrath,Meillard,,,sam.mingeon@gmail.com,,,
06.03.2026 19:21,07.03.2026,Kranjska Gora,GS,Val,Odermatt,Braathen,Kristoffersen,Meillard,Anguenot,,,deski.silvinvalentin@gmail.com,,,
06.03.2026 19:23,08.03.2026,Kranjska Gora,SL,Val,Noel,Meillard,Kristoffersen,Mcgrath,Feller,,,deski.silvinvalentin@gmail.com,,,
06.03.2026 21:55,07.03.2026,Kranjska Gora,GS,Gerlain,Odermatt,Braathen,Kristoffersen,Brennsteiner,Meillard,,,guerlaingaucher@gmail.com,,,
07.03.2026 07:32,07.03.2026,Kranjska Gora,GS,Gianni,Odermatt,Mcgrath,Meillard,Braathen,Steen-olsen,,,giannigiachino2001@gmail.com,,,
07.03.2026 07:49,07.03.2026,Kranjska Gora,GS,Francois,Braathen,Odermatt,Anguenot,Kristoffersen,Meillard,,,francois.poccard-marion@orange.fr,,,
07.03.2026 08:08,07.03.2026,Kranjska Gora,GS,Louis,Odermatt,Braathen,Meillard,Brennsteiner,Schwarz,,,deski.fleurancelouis@gmail.com,,,
07.03.2026 08:09,07.03.2026,Kranjska Gora,GS,Elo,Odermatt,Braathen,Meillard,Kristoffersen,Schwarz,,,eloise.lagarde38@gmail.com,,,
07.03.2026 08:34,07.03.2026,Kranjska Gora,GS,Romane,Braathen,Odermatt,Meillard,Anguenot,Kristoffersen,,,deski.poccardmarionromane@gmail.com,,,
07.03.2026 09:23,07.03.2026,Kranjska Gora,GS,Francois,Odermatt,Braathen,Kristoffersen,Meillard,Anguenot,,,francois.poccard-marion@orange.fr,,,
07.03.2026 14:11,08.03.2026,Kranjska Gora,SL,Cyril,Mcgrath,Braathen,Rassat,Noel,Kristoffersen,,,cyril.peretto@gmail.com,,,
07.03.2026 17:35,08.03.2026,Kranjska Gora,SL,Tim,Noel,Meillard,Braathen,Mcgrath,Kristoffersen,,,silvintimothe@gmail.com,,,
07.03.2026 18:43,08.03.2026,Kranjska Gora,SL,Louis,Mcgrath,Braathen,Noel,Haugan,Kristoffersen,,,deski.fleurancelouis@gmail.com,,,
07.03.2026 21:58,08.03.2026,Kranjska Gora,SL,Gerlain,Meillard,Haugan,Braathen,Noel,Hallberg,,,guerlaingaucher@gmail.com,,,
07.03.2026 23:19,08.03.2026,Kranjska Gora,SL,Gianni,Kristoffersen,Noel,Braathen,Mcgrath,Haugan,,,giannigiachino2001@gmail.com,,,
07.03.2026 23:21,07.03.2026,Kranjska Gora,SL,Marius,Meillard,Kristoffersen,Mcgrath,Braathen,Hallberg,,,mariusvieillemarchiset@gmail.com,,,
07.03.2026 23:22,08.03.2026,Kranjska Gora,SL,Nino,Noel,Mcgrath,Meillard,Braathen,Kristoffersen,,,nino28.gal@gmail.com,,,
08.03.2026 06:40,08.03.2025,Kranjska Gora,SL,Mateo,Braathen,Meillard,Mcgrath,Kristoffersen,Amiez,,,mateomollaret73@gmail.com,,,
08.03.2026 06:42,08.03.2026,Kranjska Gora,SL,Romane,Mcgrath,Meillard,Rassat,Kristoffersen,Noel,,,deski.poccardmarionromane@gmail.com,,,
08.03.2026 07:47,08.03.2026,Kranjska Gora,SL,Lulu,Braathen,Meillard,Noel,Mcgrath,Kristoffersen,,,silvintimothe@gmail.com,,,
08.03.2026 08:04,08.03.2026,Kranjska Gora,SL,Adrien,Braathen,Meillard,Noel,Kristoffersen,Steen-olsen,,,athorey@gmail.com,,,
08.03.2026 08:26,08.03.2026,Kranjska Gora,SL,Perrine,Mcgrath,Noel,Braathen,Meillard,Kristoffersen,,,perrinec73@gmail.com,,,
08.03.2026 08:32,08.03.2026,Kranjska Gora,SL,Elo,Mcgrath,Noel,Haugan,Braathen,Meillard,,,eloise.lagarde38@gmail.com,,,
08.03.2026 08:45,08.03.2026,Kranjska Gora,SL,Mingeon,Noel,Braathen,Kristoffersen,Meillard,Mcgrath,,,sam.mingeon@gmail.com,,,
08.03.2026 08:48,08.03.2026,Kranjska Gora,SL,Sam,Braathen,Mcgrath,Rassat,Hallberg,Haugan,,,sammollaret73@gmail.com,,,
08.03.2026 09:02,08.03.2026,Kranjska Gora,SL,Francois,Meillard,Braathen,Noel,Mcgrath,Kristoffersen,,,francois.poccard-marion@orange.fr,,,
11.03.2026 08:31,13.03.2026,Courchevel,DH,Cyril,Odermatt,Kriechmayr,Franzoni,Von Allmen,Haaser,,,cyril.peretto@gmail.com,,,
11.03.2026 08:46,14.03.2026,Courchevel,SG,Cyril,Von Allmen,Odermatt,Franzoni,Paris,Monney,,,cyril.peretto@gmail.com,,,
11.03.2026 08:49,15.03.2026,Courchevel,SG,Cyril,Odermatt,Kriechmayr,Babinsky,Haaser,Franzoni,,,cyril.peretto@gmail.com,,,
11.03.2026 18:55,13.03.2026,Courchevel,DH,Mateo,Odermatt,Von Allmen,Kriechmayr,Allegre,Schwarz,,,mateomollaret73@gmail.com,,,
11.03.2026 18:57,14.03.2026,Courchevel,SG,Mateo,Odermatt,Schwarz,Allegre,Kriechmayr,Monney,,,mateomollaret73@gmail.com,,,
11.03.2026 18:58,15.03.2026,Courchevel,SG,Mateo,Odermatt,Franzoni,Babinsky,Allegre,Kriechmayr,,,mateomollaret73@gmail.com,,,
12.03.2026 17:39,13.03.2026,Courchevel,DH,Alexis,Odermatt,Franzoni,Von Allmen,Monney,Allegre,,,peytavin.alexis@gmail.com,,,
12.03.2026 17:42,13.03.2026,Courchevel,DH,Gianni,Odermatt,Von Allmen,Franzoni,Chchran-seigle,Paris,,,giannigiachino2001@gmail.com,,,
12.03.2026 21:08,13.03.2026,Courchevel,DH,Tim,Odermatt,Von Allmen,Franzoni,Kriechmayr,Rogentin,,,silvintimothe@gmail.com,,,
13.03.2026 07:35,13.03.2026,Courchevel,DH,Francois,Von Allmen,Odermatt,Allegre,Chchran-seigle,Rogentin,,,francois.poccard-marion@orange.fr,,,
13.03.2026 09:24,13.03.2026,Courchevel,DH,Gerlain,Odermatt,Von Allmen,Paris,Franzoni,Monney,,,guerlaingaucher@gmail.com,,,
13.03.2026 09:52,13.03.2026,Courchevel,DH,Louis,Odermatt,Von Allmen,Paris,Franzoni,Autre,Schieder,,deski.fleurancelouis@gmail.com,,,
13.03.2026 09:54,13.03.2026,Courchevel,DH,Lulu,Odermatt,Von Allmen,Allegre,Chchran-seigle,Autre,Adrien Theaux,,deski.truchetlucie@gmail.com,,,
13.03.2026 10:08,13.03.2026,Courchevel,DH,Francois,Von Allmen,Odermatt,Allegre,Franzoni,Crawford,,,francois.poccard-marion@orange.fr,,,
13.03.2026 10:15,13.03.2026,Courchevel,DH,Mingeon,Odermatt,Von Allmen,Franzoni,Allegre,Monney,,,sam.mingeon@gmail.com,,,
13.03.2026 11:04,13.03.2026,Courchevel,SG,Romane,Odermatt,Allegre,Von Allmen,Franzoni,Rogentin,,,deski.poccardmarionromane@gmail.com,,,
13.03.2026 18:46,14.03.2026,Courchevel,SG,Tim,Odermatt,Kriechmayr,Franzoni,Rogentin,Haaser,,,silvintimothe@gmail.com,,,
13.03.2026 20:52,14.03.2026,Courchevel,SG,Nino,Odermatt,Franzoni,Von Allmen,Haaser,Babinsky,,,nino28.gal@gmail.com,,,
13.03.2026 23:04,14.03.2026,Courchevel,SG,Lulu,Odermatt,Kriechmayr,Von Allmen,Allegre,Franzoni,,,deski.truchetlucie@gmail.com,,,
13.03.2026 23:22,14.03.2026,Courchevel,SG,Alexis,Odermatt,Kriechmayr,Franzoni,Von Allmen,Haaser,,,peytavin.alexis@gmail.com,,,
14.03.2026 02:31,14.03.2026,Courchevel,SG,Mingeon,Odermatt,Von Allmen,Franzoni,Kriechmayr,Allegre,,,sam.mingeon@gmail.com,,,
14.03.2026 07:23,14.03.2026,Courchevel,SG,Louis,Odermatt,Kriechmayr,Von Allmen,Haaser,Franzoni,,,deski.fleurancelouis@gmail.com,,,
14.03.2026 08:37,14.03.2026,Courchevel,SG,Francois,Odermatt,Kriechmayr,Schwarz,Monney,Allegre,,,francois.poccard-marion@orange.fr,,,
14.03.2026 08:57,14.03.2026,Courchevel,SG,Elo,Odermatt,Kriechmayr,Von Allmen,Franzoni,Chchran-seigle,,,eloise.lagarde38@gmail.com,,,
14.03.2026 09:27,14.03.2026,Courchevel,SG,Romane,Odermatt,Haaser,L. Feurstein,Von Allmen,Kriechmayr,,,deski.poccardmarionromane@gmail.com,,,
14.03.2026 09:53,14.03.2026,Courchevel,SG,Gianni,Odermatt,Kriechmayr,Rogentin,Von Allmen,Allegre,,,giannigiachino2001@gmail.com,,,
14.03.2026 12:27,15.03.2026,Courchevel,SG,Alexis,Odermatt,Kriechmayr,Franzoni,Von Allmen,Haaser,,,peytavin.alexis@gmail.com,,,
14.03.2026 16:55,15.03.2026,Courchevel,SG,Louis,Odermatt,Kriechmayr,Von Allmen,Haaser,Franzoni,,,deski.fleurancelouis@gmail.com,,,
14.03.2026 18:21,15.03.2026,Courchevel,SG,Tim,Odermatt,Kriechmayr,Franzoni,Rogentin,Haaser,,,silvintimothe@gmail.com,,,
15.03.2026 00:22,15.03.2026,Courchevel,SG,Gerlain,Odermatt,Kriechmayr,Franzoni,Von Allmen,Haaser,,,guerlaingaucher@gmail.com,,,
19.03.2026 08:34,21.03.2026,Lillehammer,DH,Alexis,Von Allmen,Odermatt,Franzoni,Kriechmayr,Monney,,,peytavin.alexis@gmail.com,,,
19.03.2026 08:36,22.03.2026,Lillehammer,SG,Alexis,Odermatt,Kriechmayr,Haaser,Allegre,Rogentin,,,peytavin.alexis@gmail.com,,,
20.03.2026 18:52,21.03.2026,Lillehammer,DH,Tim,Odermatt,Von Allmen,Franzoni,Kriechmayr,Haaser,,,silvintimothe@gmail.com,,,
20.03.2026 20:06,21.03.2026,Lillehammer,DH,Nino,Odermatt,Von Allmen,Kriechmayr,Franzoni,Paris,,,nino28.gal@gmail.com,,,
21.03.2026 07:12,21.03.2026,Lillehammer,DH,Mingeon,Odermatt,Franzoni,Von Allmen,Kriechmayr,Chchran-seigle,,,sam.mingeon@gmail.com,,,
21.03.2026 08:21,21.03.2026,Lillehammer,DH,Louis,Odermatt,Kriechmayr,Franzoni,Von Allmen,Paris,,,deski.fleurancelouis@gmail.com,,,
21.03.2026 08:22,22.03.2026,Lillehammer,SG,Louis,Odermatt,Franzoni,Von Allmen,Kriechmayr,Monney,,,deski.fleurancelouis@gmail.com,,,
21.03.2026 08:37,21.03.2026,Lillehammer,DH,Francois,Von Allmen,Franzoni,Odermatt,Kriechmayr,Paris,,,francois.poccard-marion@orange.fr,,,
21.03.2026 08:43,21.03.2026,Lillehammer,DH,Romane,Franzoni,Odermatt,Kriechmayr,Von Allmen,Monney,,,deski.poccardmarionromane@gmail.com,,,
21.03.2026 09:16,21.03.2026,Lillehammer,DH,Lulu,Odermatt,Franzoni,Von Allmen,Chchran-seigle,Kriechmayr,,,deski.truchetlucie@gmail.com,,,
21.03.2026 09:31,21.03.2026,Lillehammer,DH,Val,Odermatt,Von Allmen,Monney,Franzoni,Paris,,,eloise.lagarde38@gmail.com,,,
21.03.2026 09:35,21.03.2026,Lillehammer,DH,Elo,Odermatt,Von Allmen,Franzoni,Paris,Kriechmayr,,,eloise.lagarde38@gmail.com,,,
21.03.2026 09:48,21.03.2026,Lillehammer,DH,Perrine,Odermatt,Franzoni,Monney,Sejersted,Allegre,,,perrinec73@gmail.com,,,
21.03.2026 11:58,21.03.2026,Lillehammer,DH,Gianni,Odermatt,Von Allmen,Kriechmayr,Franzoni,Allegre,,,giannigiachino2001@gmail.com,,,
21.03.2026 15:09,22.03.2026,Lillehammer,SG,Cyril,Odermatt,Von Allmen,Kriechmayr,Franzoni,Haaser,,,cyril.peretto@gmail.com,,,
21.03.2026 20:33,22.03.2026,Lillehammer,SG,Nino,Odermatt,Von Allmen,Haaser,Franzoni,Kriechmayr,,,nino28.gal@gmail.com,,,
21.03.2026 20:35,22.03.2026,Lillehammer,SG,Tim,Odermatt,Von Allmen,Kriechmayr,Haaser,Franzoni,,,silvintimothe@gmail.com,,,
22.03.2026 09:23,22.03.2026,Lillehammer,SG,Elo,Odermatt,Von Allmen,Chchran-seigle,Haaser,Kriechmayr,,,eloise.lagarde38@gmail.com,,,
22.03.2026 10:20,22.03.2026,Lillehammer,SG,Gianni,Odermatt,Kriechmayr,Paris,Von Allmen,Crawford,,,giannigiachino2001@gmail.com,,,
22.03.2026 10:41,22.03.2026,Lillehammer,SG,Val,Von Allmen,Franzoni,Odermatt,Kriechmayr,Allegre,,,eloise.lagarde38@gmail.com,,,
22.03.2026 10:51,22.03.2026,Lillehammer,SG,Lulu,Haaser,Odermatt,Kriechmayr,Von Allmen,Moeller,,,deski.truchetlucie@gmail.com,,,
22.03.2026 11:08,22.03.2026,Lillehammer,SG,Gerlain,Kriechmayr,Paris,Odermatt,Hrobat,Franzoni,,,guerlaingaucher@gmail.com,,,
22.03.2026 15:00,24.03.2026,Lillehammer,GS,Cyril,Odermatt,Meillard,Kristoffersen,Braathen,Mcgrath,,,cyril.peretto@gmail.com,,,
22.03.2026 15:02,25.03.2026,Lillehammer,SL,Cyril,Noel,Mcgrath,Braathen,Kristoffersen,Haugan,,,cyril.peretto@gmail.com,,,
23.03.2026 20:25,24.03.2026,Lillehammer,GS,Tim,Odermatt,Braathen,Meillard,Brennsteiner,Kristoffersen,,,silvintimothe@gmail.com,,,
23.03.2026 20:55,24.03.2026,Lillehammer,GS,Elo,Odermatt,Braathen,Mcgrath,Brennsteiner,Kristoffersen,,,eloise.lagarde38@gmail.com,,,
23.03.2026 21:53,24.03.2026,Lillehammer,GS,Gerlain,Meillard,Braathen,Brennsteiner,Odermatt,Mcgrath,,,guerlaingaucher@gmail.com,,,
24.03.2026 07:20,24.03.2026,Lillehammer,GS,Sam,Odermatt,Kristoffersen,Braathen,Mcgrath,Meillard,,,sammollaret73@gmail.com,,,
24.03.2026 07:29,24.03.2026,Lillehammer,GS,Louis,Braathen,Meillard,Odermatt,Mcgrath,Anguenot,,,deski.fleurancelouis@gmail.com,,,
24.03.2026 07:33,25.03.2026,Lillehammer,SL,Louis,Noel,Kristoffersen,Meillard,Strasser,Gstrein,,,deski.fleurancelouis@gmail.com,,,
24.03.2026 08:24,24.03.2026,Lillehammer,GS,Lulu,Braathen,Odermatt,Kristoffersen,Brennsteiner,Anguenot,,,deski.truchetlucie@gmail.com,,,
24.03.2026 09:31,24.03.2026,Lillehammer,GS,Romane,Odermatt,Meillard,Kristoffersen,Mcgrath,Braathen,,,deski.poccardmarionromane@gmail.com,,,
24.03.2026 13:01,25.03.2026,Lillehammer,SL,Mateo,Braathen,Meillard,Mcgrath,Noel,Amiez,,,mateomollaret73@gmail.com,,,
24.03.2026 13:16,25.03.2026,Lillehammer,SL,Tim,Noel,Braathen,Mcgrath,Meillard,Rassat,,,silvintimothe@gmail.com,,,
24.03.2026 20:30,25.03.2026,Lillehammer,SL,Nino,Mcgrath,Braathen,Noel,Kristoffersen,Meillard,,,nino28.gal@gmail.com,,,
24.03.2026 21:31,25.03.2026,Lillehammer,SL,Gerlain,Meillard,Rassat,Braathen,Mcgrath,Noel,,,guerlaingaucher@gmail.com,,,
24.03.2026 22:55,25.03.2026,Lillehammer,SL,Elo,Mcgrath,Meillard,Braathen,Noel,Hallberg,,,eloise.lagarde38@gmail.com,,,
24.03.2026 22:56,25.03.2026,Lillehammer,SL,Val,Noel,Hallberg,Braathen,Kristoffersen,Rassat,,,eloise.lagarde38@gmail.com,,,
25.03.2026 06:05,25.03.2026,Lillehammer,SL,Mingeon,Braathen,Mcgrath,Noel,Meillard,Kristoffersen,,,sam.mingeon@gmail.com,,,
25.03.2026 08:44,25.03.2026,Lillehammer,SL,Lulu,Braathen,Noel,Mcgrath,Meillard,Rassat,,,deski.truchetlucie@gmail.com,,,
25.03.2026 09:31,25.03.2026,Lillehammer,SL,Romane,Mcgrath,Meillard,Rassat,Braathen,Noel,,,deski.poccardmarionromane@gmail.com,,,
25.03.2026 10:44,25.03.2026,Lillehammer,SL,Gianni,Meillard,Kristoffersen,Noel,Haugan,Braathen,,,giannigiachino2001@gmail.com,,,
18.01.2026 16:10,11.01.2026,Adelboden,SL,Course,Rassat,Mcgrath,Kristoffersen,Braathen,Feller,tg,10:30:00,antoinesilvin1@gmail.com,*,,
18.01.2026 16:12,16.01.2026,Wengen,SG,Resultat,Franzoni,Babinsky,Von Allmen,Odermatt,Haaser,tg,12:30:00,antoinesilvin1@gmail.com,*,,
